time_value,resort_grp,num_deeds,household_income,ts_type,target
17749,3,9,153092,1,0
33632,2,1,464247,2,0
31444,1,1,465259,2,1
19140,3,9,146680,2,1
22955,1,3,238394,2,1
14162,2,4,458887,2,0
32451,2,1,266544,2,1
15031,3,5,497988,1,0
27691,1,8,181166,2,0
34854,1,4,148330,1,1
16350,2,9,167906,2,0
19073,1,6,116437,2,1
25774,1,10,132390,2,0
25670,1,6,458189,2,0
27682,1,3,195616,1,1
23007,1,1,447303,1,1
29302,2,8,200833,2,0
31029,3,10,316746,2,0
20293,2,4,191673,1,1
24419,1,1,108780,2,0
31907,2,2,202553,2,1
10902,2,5,279181,1,1
21434,1,4,354273,2,0
14735,3,3,282517,1,0
14533,2,8,349452,1,1
32341,2,3,451874,2,1
8924,3,10,140085,1,1
31905,1,7,160500,2,1
18641,1,5,145719,1,1
33333,1,4,213166,1,1
14180,2,4,166071,2,0
11658,3,10,342561,2,0
33978,1,10,71772,2,0
10386,2,1,448815,1,0
31294,3,3,463568,1,0
18758,1,1,229721,1,0
17316,1,7,107734,1,0
23700,2,3,459935,2,1
21446,3,4,394152,2,0
28537,2,6,57925,2,0
15113,3,7,83474,1,1
21053,1,1,294397,1,1
23429,2,6,339499,2,1
8707,1,6,270598,1,0
32748,3,6,456244,2,1
33627,1,8,287462,2,1
26728,3,8,494560,2,0
22061,1,7,489728,1,0
13716,3,6,192242,2,0
31568,2,5,328052,2,0
22510,2,1,493173,1,0
30235,1,3,403830,2,0
22472,1,8,233257,2,1
20225,2,5,198519,2,1
31907,1,10,337535,1,1
19224,3,10,278135,2,1
30674,1,9,420414,1,1
27752,2,9,291122,2,0
24515,3,9,300491,1,0
34645,2,2,64455,2,0
11692,2,10,227935,1,1
34159,1,8,313915,2,0
21157,2,5,275666,1,0
15230,3,6,143723,2,0
17991,3,3,185581,1,1
23691,2,7,352553,1,0
28654,1,8,155059,1,0
30747,1,4,307514,1,0
24063,3,3,236481,2,0
18052,3,10,201328,2,0
26122,3,8,337499,1,0
9445,3,2,314591,2,0
32902,3,3,456112,1,0
14740,3,9,55315,1,1
23145,1,7,134717,2,1
17955,2,5,316990,1,0
34567,3,4,125586,2,1
22772,2,6,157850,2,1
17058,1,5,58927,1,0
15454,2,7,476490,1,0
28337,1,6,91806,2,1
34774,3,7,77942,2,1
14576,1,8,352153,1,0
34332,2,9,68537,1,0
14433,3,1,230208,1,1
27524,3,3,104122,1,1
8137,2,7,121975,1,0
30141,3,8,215971,2,1
32407,3,5,446108,1,1
28074,3,7,144681,2,0
26654,1,2,107051,1,1
13621,2,2,491683,1,0
24543,2,2,88400,1,1
16462,1,1,250677,1,1
27362,3,10,107163,1,0
19840,3,2,423319,2,0
24828,1,6,489399,2,0
28149,1,8,296993,2,0
23407,3,1,180307,1,1
28503,2,8,473784,1,1
21727,2,8,54680,2,0
15364,3,6,250319,1,1
12292,1,10,387869,2,1
31300,1,7,64391,1,1
33073,3,4,304955,1,0
21160,3,4,298166,1,0
12361,3,6,412199,2,1
23146,3,7,255750,1,0
14696,3,4,221144,1,1
28766,2,8,71688,2,0
27275,3,3,188115,2,1
10808,1,6,250733,2,1
21470,2,10,365122,2,1
14382,1,3,484511,1,0
34613,1,2,475532,1,1
27999,2,1,109727,1,1
30169,2,6,484518,2,1
20404,1,10,425557,1,1
15500,3,10,477542,1,0
29091,2,9,260839,2,1
28618,3,2,378259,2,0
13643,3,5,376289,1,0
21087,3,9,112560,2,0
18922,1,5,129263,2,0
25481,3,7,428608,1,1
14002,1,4,181321,1,0
8336,1,7,343296,2,0
11343,1,10,55408,1,0
23553,3,4,200249,1,0
21010,3,3,55726,1,0
26706,3,8,314346,1,1
25301,1,10,361924,1,0
17278,3,8,311783,1,0
30702,3,10,168833,1,1
31789,1,5,153356,2,0
17336,3,10,150609,1,1
8192,3,9,313257,1,1
27700,3,6,399373,2,0
14733,1,8,370375,2,0
31154,2,6,127575,1,1
17424,1,6,91411,1,1
8366,1,5,499976,2,0
21302,2,9,485671,2,0
9084,2,7,188700,1,0
31413,3,1,237382,1,1
16578,2,1,244433,2,1
24581,3,6,276550,2,1
24258,3,8,144638,1,0
12876,1,7,230270,2,1
33041,1,5,119715,1,1
28897,3,5,479895,1,0
31276,1,3,134114,1,0
32784,2,4,269246,1,1
8811,2,10,58898,2,1
17553,2,3,124992,2,1
30478,2,3,50598,2,1
22660,3,10,370789,2,1
21107,2,4,51414,2,0
29487,1,6,181641,1,1
16835,1,4,181590,2,1
32086,2,8,209356,1,1
20903,3,6,233339,2,1
21138,3,2,435400,2,1
11212,2,10,157560,1,1
10128,2,2,58868,2,1
21814,1,7,266194,2,0
10367,2,10,356345,1,0
16168,3,9,83658,1,1
19245,3,9,64730,2,1
23748,3,7,211234,2,0
10754,2,6,482413,2,1
12849,2,2,65722,1,1
17677,2,3,288052,1,1
11753,2,5,463438,2,0
25491,3,5,379636,1,1
28210,1,3,359709,1,1
14890,3,7,376604,2,1
28979,1,2,61994,1,1
20562,1,4,281164,2,0
16509,2,3,227741,2,0
26468,1,3,322156,1,1
12238,2,8,341968,1,1
11160,2,2,462840,2,0
9946,3,2,330698,1,1
12246,2,5,54485,2,1
21033,3,7,107566,2,0
14177,3,9,247124,1,0
25499,2,1,444499,1,1
14230,2,2,382309,1,1
10521,1,8,117908,2,1
34845,2,3,277014,2,1
22552,3,5,120236,2,0
14322,3,4,105945,1,0
26953,3,10,373404,2,1
8356,2,7,395486,1,1
17688,3,6,257335,1,1
33282,1,10,114524,2,0
23615,1,7,114411,1,1
20182,3,10,359004,2,0
31102,3,1,394234,1,1
11284,2,7,376346,1,1
15056,1,1,364317,2,1
13250,1,9,111418,2,1
13751,2,2,92999,1,1
15919,3,6,201186,2,1
29794,2,7,178601,1,1
25778,1,8,232656,2,1
15622,3,1,263289,1,1
13335,2,4,116852,2,1
33175,1,5,123755,1,0
27249,1,5,388429,2,0
11049,2,10,200181,2,1
26906,3,2,137471,1,1
26048,1,1,243136,2,1
23969,3,2,190828,1,1
17689,3,10,324390,2,1
18436,1,5,225064,2,0
15611,2,3,494980,1,0
13947,1,10,260545,2,1
19993,2,2,285746,2,1
13069,1,10,202045,1,0
24384,3,7,465706,1,1
20329,1,6,104000,2,1
33905,3,7,132872,2,0
19941,2,5,112609,1,1
31801,2,9,432166,2,1
30776,3,1,492239,1,0
28922,3,3,424058,1,1
19192,3,1,60021,2,1
32674,3,2,296104,2,1
29594,1,5,362696,2,0
29138,1,10,476150,1,0
31452,1,6,370464,2,0
28755,2,3,337078,2,1
19445,1,5,399597,1,0
18899,3,7,354050,2,1
21386,2,7,202126,1,0
33069,2,6,453643,2,1
31464,2,3,276788,2,0
21569,3,2,106220,2,0
9163,3,7,382962,2,0
17436,2,6,136735,1,1
31439,1,4,442048,2,0
10824,2,2,184283,1,1
13836,2,4,318713,1,0
14771,2,3,158624,2,1
29216,2,5,85744,2,1
17223,3,7,459236,2,0
30302,3,5,427819,1,0
19641,3,5,174502,2,0
33324,3,5,232690,2,1
26753,1,1,111978,1,0
25287,3,4,73175,1,0
32640,3,2,453711,1,0
21170,1,6,221841,2,1
11039,1,3,234133,2,1
8819,1,9,164012,2,0
33940,2,9,431058,2,1
10898,1,1,443358,1,1
18353,3,3,63082,1,1
18379,3,9,431243,1,1
19612,2,7,75465,2,1
18032,1,6,363172,1,1
18984,3,10,54907,1,0
31543,1,7,390187,1,1
19231,1,9,190808,1,0
34800,1,6,429357,1,1
18638,1,9,267353,1,1
9156,2,2,106319,2,0
8075,1,1,499868,2,0
10527,3,4,65505,2,1
9735,1,4,441794,1,0
9693,3,10,208782,1,0
16607,1,1,296777,2,1
24013,1,7,230901,2,1
12852,2,5,326385,2,0
28935,3,7,157424,2,1
21831,3,7,58805,1,0
26923,2,6,392849,2,1
11293,2,3,413887,1,0
23706,3,4,114298,1,0
19057,3,10,366452,1,1
21891,3,7,281045,1,1
20459,2,4,473519,1,1
17517,3,1,476780,1,1
33847,1,4,450438,1,1
34542,2,3,401452,2,1
30565,1,7,352439,2,0
14245,2,1,82965,2,0
33779,2,9,430822,2,1
26954,3,3,468745,2,1
12527,2,2,404745,2,0
21258,2,7,234130,2,0
30962,1,8,365309,2,1
18205,3,7,344509,1,0
16638,1,5,388233,1,0
23370,2,10,197116,1,0
19459,3,8,190494,2,1
22877,2,6,194763,1,0
30323,2,6,214509,2,0
29041,3,5,374255,1,0
22552,1,3,302046,2,1
10564,1,5,469854,1,0
16375,2,2,462121,1,1
24666,1,8,255269,1,1
25808,2,8,99394,2,0
23454,2,8,445208,1,1
33914,3,2,310171,1,0
13569,3,8,149187,2,0
19402,3,7,110805,2,0
8336,1,7,77884,2,1
29613,3,7,62974,1,1
19437,2,2,290341,2,0
13172,3,3,395032,1,0
28832,3,6,108373,1,0
11055,2,7,137927,2,0
8697,1,2,462407,2,1
30339,2,7,464760,1,0
15860,1,4,496830,1,0
26850,3,3,288406,2,0
14351,3,9,301353,2,1
21605,3,1,274929,2,1
17467,2,10,163251,1,1
25138,1,6,138482,1,1
19036,1,6,202862,1,1
11094,2,5,207725,2,0
15623,3,8,454643,1,0
24577,1,4,468703,2,0
25695,1,5,263088,1,0
20678,3,8,479878,2,1
15142,3,8,440294,1,0
27878,2,1,249158,2,1
19523,1,2,481521,2,0
16420,3,1,259836,2,1
15475,1,10,401185,1,1
17818,2,3,187830,1,1
21106,3,2,325089,2,0
19114,1,7,481785,1,0
18463,1,5,395362,1,0
12557,2,6,438361,2,0
18740,1,9,212322,2,1
27441,2,2,484244,2,0
26601,1,5,387916,1,1
31092,1,4,55138,2,1
10691,1,5,460652,2,1
16329,3,10,455473,1,1
17032,2,8,431881,2,1
34636,2,7,304197,2,0
9859,3,10,460219,2,1
11265,2,7,285272,2,0
14782,2,4,356609,1,1
33580,3,9,128485,2,0
20559,3,10,168294,2,1
31502,3,1,65484,1,1
28430,3,4,120098,1,0
17421,1,1,202779,1,1
20504,2,8,230247,2,1
24391,3,1,118130,1,0
12418,2,10,74205,1,1
19614,1,8,428658,2,0
28599,1,5,499035,2,1
22076,2,2,180796,2,0
29319,2,3,415327,2,1
28905,1,4,249099,1,0
24962,3,7,337631,2,0
8790,3,6,346392,1,1
13263,3,5,363373,2,0
31469,1,5,143628,1,0
10471,1,10,55989,1,0
10792,1,2,169116,2,1
13014,1,7,458932,2,0
8989,2,9,241813,2,1
30347,1,1,52430,1,1
33497,3,5,272575,1,1
19392,1,8,407076,2,0
28111,2,3,266138,1,1
17277,2,7,285218,2,1
11794,2,5,74918,1,1
18942,1,6,496039,1,1
15463,1,9,157222,1,0
16084,3,6,320262,1,0
8742,1,4,209094,2,1
10695,3,7,362598,2,1
22930,1,10,317304,1,0
12249,3,10,200241,2,0
32677,2,5,178718,2,1
20936,3,8,351633,1,0
26832,1,7,107536,2,1
23817,3,5,312328,1,0
21426,3,10,449029,2,1
13596,1,5,428422,2,0
22525,1,2,57292,2,1
10149,2,5,199105,1,0
8442,2,5,332661,2,1
23083,2,4,421491,1,0
15140,3,6,459830,1,1
12206,1,5,80727,1,0
33277,2,3,463390,1,1
17036,2,2,383388,1,1
20727,2,1,231714,1,1
27956,3,4,167381,1,0
18395,3,1,57732,2,0
21305,2,2,336587,1,1
14146,2,6,107169,1,1
25767,2,5,484885,1,0
19196,2,3,473853,2,1
9247,1,10,410276,2,1
17356,2,5,145428,2,1
28886,3,9,244165,1,1
17608,2,5,346952,2,1
17810,3,9,209524,2,0
18600,3,7,171642,1,0
30853,2,3,289563,1,0
9044,1,4,276725,2,0
15323,2,1,369316,2,1
29562,2,3,179767,1,1
20088,3,4,185962,2,0
17987,1,6,262088,1,0
32673,1,1,483078,2,0
10159,3,8,350270,2,0
26542,2,4,367460,1,0
22078,2,8,127652,2,1
22596,2,6,381963,1,0
14830,1,5,298644,2,1
23259,2,9,165403,2,1
16733,3,10,220745,2,1
8642,1,9,245748,1,1
30536,3,7,125446,2,1
21383,2,3,245337,2,0
34088,1,5,369643,2,0
8861,3,2,186410,1,0
11157,2,8,443755,1,1
21383,2,9,486790,1,1
12732,2,5,482570,1,1
27612,1,9,456634,1,0
29929,3,9,255537,1,0
11556,1,7,424766,1,0
12377,1,8,404741,2,0
9770,3,5,375735,2,1
27729,3,4,146283,2,1
8414,2,3,455681,1,0
22246,3,10,419794,1,0
16323,1,5,368152,1,0
11682,1,5,428998,2,1
33564,1,10,258512,2,1
34264,3,2,227265,2,0
32184,3,5,343250,2,0
18952,2,2,354807,1,1
20723,3,1,358497,2,0
17590,3,1,278539,1,0
33612,3,4,104920,2,0
8968,2,7,439624,2,1
18141,3,1,207297,1,1
31804,2,5,278099,2,1
29513,1,3,223078,1,0
32472,1,8,388455,2,0
26979,3,9,76807,1,0
27982,1,8,309164,1,1
30699,2,6,431421,2,0
18508,1,7,233804,1,0
30448,1,3,312712,1,1
9564,3,6,121634,1,1
20973,3,7,100562,2,0
26750,2,9,330716,2,0
23959,2,4,163642,2,1
8598,2,7,336943,2,0
23800,2,7,239855,1,1
11683,3,10,335928,2,0
12614,1,10,309211,1,1
18342,1,3,271093,1,0
32432,2,6,171188,2,1
28286,2,10,335721,2,1
16433,2,8,402808,2,0
31102,2,1,55638,1,1
31222,3,6,51543,1,1
11455,3,8,496212,2,0
9828,1,2,150134,2,1
30413,3,10,420982,2,1
19923,1,7,101621,1,0
24323,2,5,347225,2,0
28205,3,2,357516,2,1
12817,3,1,148383,1,1
14677,2,2,349479,1,0
11545,3,3,231020,2,1
12266,2,2,188505,1,0
8472,3,4,195805,1,1
33544,2,2,379622,2,1
33979,3,2,247541,1,0
9914,3,7,336336,1,0
23822,3,4,108629,1,0
18380,2,3,487303,2,1
23044,2,4,414814,1,1
26123,3,2,299514,2,1
17358,3,7,263301,2,0
14269,1,2,341879,2,1
11052,2,9,278797,2,0
10284,1,3,419963,2,1
17722,2,1,138250,1,1
14339,3,4,360541,2,0
21023,2,2,155710,1,0
11440,3,1,52041,2,1
11053,3,4,361310,2,0
13385,2,10,435668,2,0
16295,3,6,191414,2,1
21793,2,5,231530,2,1
16679,1,6,386112,1,1
17294,2,9,271885,1,0
34613,3,10,214012,1,0
11090,3,6,421101,1,0
17518,1,3,307172,1,1
24760,1,5,452789,1,0
22352,3,4,102309,2,0
8085,2,6,180824,1,1
23508,2,1,240173,1,0
22997,3,3,324713,2,1
20796,2,3,195555,1,0
28600,2,7,497664,2,1
34800,3,10,216223,2,0
33480,3,5,340059,2,1
33479,2,10,248036,1,1
8953,3,4,401958,1,0
33978,1,2,94293,2,1
14736,1,6,103791,1,1
28811,3,4,215933,1,0
23070,1,9,404862,1,1
8521,3,8,315721,1,0
9872,3,9,180291,1,1
29406,1,7,482644,2,0
22175,2,9,342663,1,0
34163,3,8,250582,2,1
26423,1,4,458785,2,0
28486,1,7,308354,1,1
32758,3,2,454821,1,0
32194,2,7,489587,2,1
31093,2,9,459216,2,1
21165,3,7,74298,2,0
8698,3,9,482001,1,1
20588,3,10,105604,1,0
24712,2,1,190089,2,1
24762,3,8,499017,2,0
17506,1,2,359755,2,1
23207,1,2,275815,2,1
30784,3,4,369331,2,0
29788,1,4,176225,1,1
22734,2,5,336180,1,0
9573,2,6,72400,1,1
33672,1,1,228648,1,1
16277,2,4,278907,2,0
13641,2,4,340948,2,1
16424,1,7,251964,2,1
27943,3,6,93097,2,0
18890,2,9,72403,2,0
32851,2,4,218048,1,1
28129,2,6,486729,1,0
34825,3,7,84894,2,1
28889,1,8,62905,1,0
24064,1,2,251066,2,0
30721,3,7,88689,2,0
19652,1,5,399568,1,0
18402,2,1,347367,1,0
32832,2,5,490789,1,0
34396,2,1,75471,1,1
19913,2,5,210758,1,0
34879,1,9,344618,2,0
10262,2,1,91914,1,1
30510,1,10,253050,1,1
32693,2,7,470402,2,0
13168,3,8,233861,1,1
15253,3,5,130520,1,0
29467,1,1,278381,2,0
21628,1,5,334724,1,1
19605,3,9,243386,1,0
29717,2,4,135311,1,1
12548,1,7,405143,2,0
12759,2,8,330674,2,0
23144,3,7,306847,2,1
31724,1,1,400728,1,1
25086,1,3,156762,2,0
12843,3,10,321113,2,0
29004,2,1,450372,1,1
22524,1,10,232774,2,0
24790,1,10,355808,2,1
22593,2,7,402821,2,1
25429,1,4,159763,1,0
28719,2,7,304343,1,1
19611,3,5,384775,2,1
18071,1,10,277019,2,0
31388,3,7,161877,2,1
33862,1,10,147938,1,1
8964,2,9,106547,2,0
11340,1,9,114399,2,1
8405,2,7,154172,2,0
32634,1,1,346009,1,0
18375,1,4,362190,2,0
20744,2,3,275688,2,0
20207,2,10,439377,2,1
22436,2,7,99384,2,1
27943,3,6,76254,1,1
30376,1,10,79025,2,0
24852,1,8,344082,2,1
34440,3,7,98027,2,0
14183,3,8,358398,1,0
12939,1,5,434211,1,0
9003,2,5,126572,2,1
12744,2,10,167768,1,0
25964,1,7,108837,2,0
31559,2,1,475084,1,1
14950,2,2,380119,2,1
28385,3,1,124663,2,0
26600,1,10,194385,2,0
14340,1,2,397420,2,0
15670,1,6,270708,1,0
30208,1,2,167011,2,1
31224,1,1,172540,2,0
29821,1,1,172887,1,1
11896,2,4,338002,1,1
17318,2,2,446341,1,0
16981,3,2,246342,2,1
13542,1,7,318735,2,1
33652,2,6,161996,1,1
26371,3,10,98124,1,0
8655,1,1,409276,2,0
33561,1,3,192237,2,1
12440,3,6,75887,1,0
11191,3,5,360726,1,1
21191,2,9,142976,1,0
22756,3,1,291820,1,0
20772,3,4,295488,2,0
10775,2,7,334205,2,0
15242,3,6,323437,2,1
22599,1,8,179667,1,0
20325,1,9,205417,1,1
14697,2,8,253460,1,1
33383,3,9,123338,1,1
19010,2,7,278254,1,0
26106,1,3,290318,2,0
18213,1,6,229496,2,1
22664,1,10,274604,1,1
23285,3,5,202389,2,0
19067,3,9,67888,2,0
10382,3,9,118001,2,0
33374,1,1,62688,1,0
12131,3,5,150480,2,0
23307,2,1,160818,1,0
12853,2,2,274477,1,1
14874,3,10,473015,2,1
24253,1,10,425357,1,1
18806,1,2,434694,2,0
13329,2,3,491264,2,0
13008,3,9,371089,1,0
11287,1,7,70485,1,1
21445,3,1,316835,2,1
22361,1,9,493634,1,1
19168,1,5,463295,1,0
13762,3,9,479658,1,0
17182,3,9,411229,2,1
24603,2,6,428480,1,0
19370,2,9,492776,2,1
19809,2,9,101990,2,0
24040,1,6,358908,2,1
19809,2,5,128069,1,1
20588,3,10,374531,2,1
24009,1,4,176159,1,1
31316,2,10,360411,1,0
22498,1,4,391598,1,0
13749,3,10,206668,2,1
28329,1,3,290281,1,1
30737,1,10,292956,2,0
33112,3,9,414036,1,0
18630,3,1,155687,1,1
25723,2,5,343518,2,1
10787,3,1,364830,2,0
14740,3,7,436014,2,1
13595,3,4,294501,2,1
9035,2,7,274430,2,1
16383,2,6,84000,1,0
25853,1,7,279953,1,0
34375,2,9,383763,2,0
12918,1,2,323624,1,1
20809,1,4,307163,2,1
33366,1,2,477400,1,1
33566,1,3,207508,2,1
18470,3,7,176263,2,1
25617,1,10,439538,1,0
32982,3,1,75056,2,1
34908,2,7,373819,1,0
11357,2,10,86754,2,0
16979,1,6,466780,2,1
9533,1,3,499928,2,1
22533,1,7,441831,2,1
27530,3,7,77891,2,0
20342,1,5,329271,2,0
33438,3,3,50787,2,1
9471,2,9,363590,1,0
8065,2,6,341694,2,0
9518,1,7,351034,1,1
27677,2,9,92874,1,0
21150,2,9,382795,2,0
24109,2,10,316498,1,1
11908,2,3,382075,2,1
18245,2,3,327230,2,0
33644,3,10,185252,1,1
14599,2,4,316418,2,1
8465,3,10,121379,1,0
31077,2,2,454093,1,1
14835,2,10,271827,1,1
22277,1,7,459226,1,1
18777,1,1,58696,2,0
33899,1,6,419051,1,1
25337,3,4,360827,2,1
29219,2,4,103551,1,0
28224,1,10,154646,2,0
20540,2,1,386379,2,0
22660,3,4,86266,1,0
9567,1,10,492565,1,0
33300,3,8,133735,1,1
22055,2,2,472159,1,1
13932,2,4,128790,1,1
19683,1,9,160730,1,0
9701,1,10,421645,2,0
15099,3,5,435120,2,1
12534,2,4,274741,2,0
27785,2,6,405814,1,1
12186,2,3,175357,1,0
10416,2,9,168133,1,1
32011,3,10,456607,1,1
31455,3,6,451116,2,1
16746,3,4,127028,1,0
9146,2,8,103012,1,0
22197,1,9,467377,1,0
10662,3,4,243368,1,1
21506,1,1,326443,2,0
15934,3,7,387365,2,0
12307,3,7,189290,2,0
16557,1,6,156124,1,0
10735,1,5,312756,1,0
24860,3,6,340771,1,0
18897,3,1,347361,2,0
34753,2,5,135284,2,0
28333,3,5,196414,2,1
17692,1,7,187610,2,0
34051,2,4,338613,1,1
20821,3,10,321788,2,1
17555,3,4,57420,2,0
24668,3,3,246005,1,0
11045,1,7,127418,2,0
34941,2,6,171163,1,1
30881,3,1,92852,1,0
17803,3,8,495473,2,1
13499,1,7,361079,1,0
10172,2,4,342598,2,1
11497,3,7,327757,2,1
18130,3,1,352403,2,1
31366,1,5,443583,1,0
9100,3,6,488245,1,0
13985,2,9,207826,2,0
26805,3,9,92550,2,1
21469,1,6,370140,2,0
32487,3,3,373102,2,1
33974,2,8,134453,2,0
8046,3,8,298743,2,1
22710,3,7,412091,2,0
29503,3,7,136877,1,1
22230,2,9,318962,2,1
21709,2,9,257876,2,0
13852,3,3,318642,1,1
22039,2,1,54313,2,0
21445,3,1,340088,2,0
8098,3,5,365625,1,1
21489,1,8,115929,1,1
12444,2,9,422880,2,0
24018,2,7,464281,1,0
18277,1,2,442768,2,0
31587,1,2,160520,2,0
17661,1,3,433725,2,0
18315,2,9,462178,2,0
30950,2,6,285704,2,0
15223,3,1,60609,1,1
11876,3,5,433536,2,0
31623,3,4,242849,1,0
20532,1,6,236424,2,1
17115,1,9,83677,1,1
28583,2,8,210150,2,1
15159,2,10,238695,1,1
16141,1,6,374817,2,1
33437,1,4,76052,2,0
20227,3,7,439591,2,1
24686,1,4,461203,2,0
29005,2,9,388609,1,0
10754,2,9,351057,2,1
17017,2,1,372336,2,1
31557,3,3,74282,1,1
25929,3,7,238994,1,0
22737,1,4,229962,2,1
12374,1,6,489856,1,1
17755,2,1,123314,2,0
27794,3,8,498324,1,0
16400,1,1,404183,1,1
16010,2,6,472681,1,0
8374,3,4,79731,1,0
11825,1,2,156332,2,1
18310,2,5,100872,1,1
17719,2,4,382361,2,1
16332,3,6,270797,2,0
26747,1,4,212126,1,0
31371,1,1,251800,2,1
18918,2,10,325523,1,0
32020,2,3,136700,1,0
12540,2,3,489937,1,1
30623,3,5,192248,1,1
23289,1,9,262177,1,0
18209,3,4,115990,2,1
16722,3,6,273304,2,1
32564,1,7,356010,2,0
12010,3,7,362597,1,1
13318,2,7,488109,1,0
9271,1,1,190554,1,0
18598,3,7,127294,2,1
16620,3,8,240251,2,1
22286,3,2,171559,1,0
23911,2,5,213465,2,0
30351,3,1,218918,1,0
19398,1,5,478928,1,1
13864,3,5,231001,1,0
33103,3,1,337876,2,0
29257,3,6,179900,1,1
21558,1,1,351049,1,1
24645,3,1,79915,1,0
26942,1,4,443466,1,0
13881,2,5,204008,1,1
22731,2,9,199069,1,0
27958,3,1,90120,1,1
14590,2,1,208230,2,1
24121,1,4,303316,1,1
18402,2,6,168127,1,1
24034,2,9,200163,1,1
15271,3,8,238886,1,0
12689,1,10,60501,2,0
34201,2,8,322264,2,0
33924,1,2,398636,1,1
20780,2,8,245121,1,0
33697,1,5,431152,2,0
23533,3,6,268753,2,0
10646,3,3,249135,2,0
29622,2,4,251264,1,1
15613,2,5,271528,1,0
31627,3,4,162212,1,1
20199,1,8,292660,2,0
16989,1,1,323841,1,0
10618,2,3,456692,2,0
23674,1,3,100484,2,0
18960,2,2,374287,1,1
21892,3,2,427682,1,0
9473,3,1,474722,2,0
12152,1,7,224717,1,0
31745,3,10,227787,1,0
34888,2,2,159561,2,1
10015,3,8,422544,2,1
16799,1,2,279552,1,1
18363,2,4,485904,1,1
12543,2,6,470029,1,1
18441,3,7,469957,2,1
14959,1,9,448069,2,1
30575,2,8,258299,1,0
19609,1,7,411217,2,0
31427,3,10,208388,1,0
24143,1,5,226238,2,1
32928,3,2,485971,2,1
33522,2,1,495180,2,1
26888,1,8,426403,1,1
21118,3,6,54428,1,0
13856,2,10,75834,1,0
20688,2,1,473724,2,1
9481,1,5,326229,2,0
25960,1,4,311445,1,1
11269,2,7,469072,1,0
9210,2,8,360995,1,1
19187,1,5,309642,1,0
9678,3,6,470205,1,1
11547,3,2,308705,1,1
14002,2,2,283376,1,0
18181,1,1,410826,1,0
17547,2,5,99140,1,1
8575,3,5,423016,2,0
25455,1,1,86385,1,1
16070,3,5,330928,2,0
26971,2,6,380990,1,1
12798,3,7,53415,1,1
21048,1,2,283809,2,1
20147,2,8,376708,2,0
15582,1,3,401487,1,1
33583,2,3,336122,2,0
34159,2,1,420231,2,1
8096,2,1,298526,2,1
9475,2,1,327524,2,0
15358,3,5,318501,1,0
30808,3,4,217314,1,0
23843,1,5,381307,1,1
30586,1,1,67721,1,1
22785,2,10,475747,2,1
33992,1,2,220212,2,0
25396,2,4,403896,1,0
32011,3,4,404215,2,1
27823,1,6,205172,1,0
28142,3,4,294048,2,1
20180,3,4,308296,2,1
30318,1,9,249349,2,1
8827,3,3,325241,2,0
23171,1,1,78143,1,0
20485,1,7,354737,2,1
25981,1,9,248177,2,0
10879,3,7,200641,2,0
21226,2,1,320191,1,1
32661,3,5,463572,2,0
20220,3,4,88957,1,1
16969,3,9,153015,1,0
19543,3,3,334863,2,0
29173,3,8,220712,1,1
21837,1,2,144196,1,0
14002,2,9,74927,1,0
33832,1,6,234864,2,1
20478,3,8,325171,2,0
17783,2,10,119289,2,1
25671,3,2,474162,1,1
29363,1,3,220457,1,1
8832,3,9,499110,1,1
20197,1,5,161659,2,0
30964,2,4,295709,1,1
15455,1,6,290130,1,1
18067,1,3,247654,1,1
29414,3,4,185427,2,1
13593,1,5,267398,1,1
18986,3,9,202351,2,1
27794,3,3,266390,2,1
8593,2,7,481684,2,1
20940,2,2,146993,1,0
31984,3,1,175071,2,0
19854,2,8,116960,1,1
21705,1,5,160927,2,0
16575,2,5,339912,2,0
28907,2,2,241171,2,1
29665,2,1,349838,2,0
19769,1,3,177283,1,0
19647,3,5,331342,1,1
20726,3,3,496519,2,0
15007,1,2,261223,1,0
31989,1,2,475031,2,0
28147,3,9,353758,1,1
25254,2,6,499131,2,1
29536,3,5,394869,2,0
16901,2,6,127121,2,1
33009,2,6,121142,1,1
10723,1,7,89982,1,0
16368,3,4,354517,2,1
26020,1,8,159084,1,0
33913,2,3,476563,1,1
29137,2,5,136728,2,1
10417,3,2,328503,1,0
28648,3,3,306432,1,1
31222,3,9,193001,1,1
11974,1,1,310286,2,0
20135,3,4,339269,1,0
13027,1,1,54645,1,0
15229,3,4,413569,2,1
8408,1,8,73974,2,0
18665,3,2,252114,1,1
26223,3,5,87464,1,0
32156,3,2,249952,2,1
10212,3,10,382817,1,0
20660,1,2,306549,1,1
34287,1,4,277040,2,1
16972,3,7,88428,1,1
21596,3,7,376436,1,1
34399,3,3,493659,2,1
32298,2,3,498577,2,1
15821,1,5,266094,1,0
25311,2,6,123259,2,1
34088,2,5,376519,1,1
32096,1,3,432333,1,1
25199,3,5,228234,1,0
20281,2,10,154875,1,0
15249,1,7,84745,2,0
11383,1,1,445052,1,1
10539,2,10,450769,2,1
17856,2,4,64088,1,1
14701,3,10,484268,1,0
24911,1,4,218000,2,0
23691,1,2,477330,1,0
22823,3,2,218479,2,0
25548,2,5,246999,2,1
12649,2,1,70103,1,0
11471,2,5,249073,1,0
13297,3,2,451987,1,1
17612,3,3,109867,2,0
9674,1,4,55564,1,0
11005,1,7,494090,1,1
31834,1,2,384267,1,1
9448,2,10,459023,2,1
13192,2,4,423421,2,1
20288,2,4,393077,2,1
22287,2,5,372344,2,1
29304,1,8,361826,1,0
26302,3,10,487385,2,1
33375,2,6,421125,1,0
21049,1,10,251747,1,1
23604,3,5,189571,2,0
15520,1,6,123066,1,0
33311,2,6,60005,1,1
12021,1,8,266933,1,0
21811,3,3,264506,2,1
26073,1,2,363580,2,1
18934,3,9,273012,2,0
20453,2,8,416114,1,0
28592,2,7,106397,2,0
8786,3,3,395542,1,0
27998,2,1,327750,1,0
33670,3,8,162828,1,1
15750,2,7,276390,1,1
28258,2,5,117404,2,0
27596,1,2,128047,2,0
15306,1,4,460961,1,1
22317,1,8,455039,2,0
12004,1,10,71270,2,1
24529,2,5,108379,2,0
33691,3,2,498549,1,1
11636,1,7,318452,2,0
14802,2,7,128425,2,1
27358,2,1,316013,2,1
13676,3,10,92678,1,0
22744,1,1,452334,2,0
28476,1,1,276145,2,0
27023,1,9,370437,2,1
19194,2,3,278561,2,1
15732,2,7,331801,1,1
14281,2,3,442235,1,0
11107,3,5,321348,1,0
32828,2,5,326786,2,1
17707,2,7,376861,2,0
15289,3,3,218668,2,0
28946,3,7,268507,2,0
15188,3,8,415100,2,1
20995,1,2,51260,1,1
32433,1,5,181435,1,1
13048,2,1,118184,1,1
31326,3,3,284762,1,0
32946,3,3,445270,2,1
18597,2,5,159478,1,1
17303,1,5,262666,2,0
26530,2,6,277393,1,0
32748,3,2,323497,1,0
30785,1,10,188627,2,1
13671,3,1,280305,2,1
18860,1,7,219542,1,0
22021,3,8,348111,2,0
33054,1,2,93059,2,0
16360,2,3,215696,2,0
14960,1,6,212336,2,1
8555,1,10,251243,2,0
15488,1,6,204090,1,1
33491,2,7,198695,1,0
26399,3,8,424315,1,0
26786,1,2,383015,2,0
27276,3,7,483109,2,1
26956,2,1,446473,2,0
31146,2,8,275409,1,1
26273,1,7,344145,1,1
8339,1,10,397518,2,0
29964,1,6,73178,1,1
29766,2,6,354422,1,1
34591,3,5,300267,2,0
15049,1,3,103466,1,0
15909,3,1,62468,1,0
31859,2,7,111354,1,1
9086,2,2,379919,1,1
27510,3,3,79473,1,1
8465,1,9,459092,1,0
17223,3,7,73830,2,1
13562,2,6,120780,1,1
21334,1,4,114046,2,1
9362,1,6,64651,1,0
24526,2,10,422431,2,0
29340,2,10,319684,1,0
19823,1,5,495989,2,0
19703,2,4,193768,2,0
21187,1,3,348122,2,0
27455,3,7,474383,1,0
25928,3,1,441620,2,0
25536,1,4,333730,2,0
32231,1,8,147493,1,1
34023,1,6,178223,2,1
10507,1,7,479605,2,1
33595,2,10,293549,1,1
26489,1,1,128440,2,1
18508,2,3,204735,2,1
28232,3,4,304804,2,1
13312,2,8,55397,2,0
18348,1,7,195090,1,1
8617,1,1,446671,2,1
11870,3,10,72997,1,1
33496,2,5,194824,1,0
27736,2,3,447110,2,1
11886,1,2,456908,1,1
15631,1,8,333807,1,1
20887,1,2,439212,1,0
13504,2,10,485897,1,0
16680,3,6,418502,2,0
19469,1,2,372853,1,1
31318,1,1,109448,2,0
14693,1,4,207817,2,0
28543,1,3,157606,2,0
34737,3,5,202342,2,0
10850,3,6,55183,2,0
20971,3,8,82053,2,1
10550,1,4,405471,1,0
20906,1,9,362602,2,1
22568,2,5,401140,2,0
14285,1,4,422928,2,1
33678,2,8,444039,1,1
18802,1,10,177996,2,1
28476,1,9,97674,2,0
27162,1,5,348624,2,0
17274,1,2,199310,2,1
26872,1,1,273197,1,0
11539,1,8,153924,2,0
31956,2,9,489846,2,1
16526,3,6,131118,2,1
12106,1,6,477133,2,0
25297,2,7,156892,1,1
13787,2,4,69645,2,1
15530,1,4,271559,2,1
20267,1,8,130412,1,0
20443,3,8,473219,2,0
26709,2,9,262716,1,1
13953,2,5,283505,2,0
9060,3,3,480633,1,0
34984,1,8,203240,2,1
26282,2,2,232260,2,1
17265,2,5,456556,2,0
12793,3,8,294060,1,0
23150,3,5,273247,1,0
21028,1,10,68165,2,0
13050,1,6,386639,1,0
25915,3,9,241764,1,1
25357,3,9,119089,2,1
24172,1,3,423675,1,1
12066,1,4,63337,2,0
29554,2,1,209379,1,0
18977,1,5,406111,1,1
24992,3,10,103858,2,1
30629,2,7,348735,2,1
26237,3,4,234478,2,1
33497,1,9,69381,2,1
27936,1,2,309510,1,0
23910,3,10,190827,2,0
29654,2,4,258406,2,1
29649,1,6,449792,2,1
15559,3,5,69661,2,1
30398,2,10,132187,1,0
23272,3,3,394436,2,1
15359,1,2,300197,2,0
26567,3,1,457571,1,0
10442,2,9,314675,1,1
10222,3,1,276283,1,0
32437,2,10,252798,2,0
31317,3,2,261802,1,1
9272,3,3,265662,2,0
30499,1,5,373146,1,1
17119,1,4,275909,2,0
21891,1,8,166622,2,0
34708,1,4,456832,2,1
34523,2,6,163928,2,1
15720,3,3,133763,2,1
9247,1,4,359878,1,0
25409,1,8,422394,2,0
22104,3,7,317930,2,0
26268,1,10,343241,2,0
34503,2,2,216187,1,1
26567,2,8,130263,2,0
13155,2,5,350785,1,0
28918,3,1,453087,1,1
10752,2,1,422138,2,0
14385,3,6,210444,2,1
11219,1,5,176301,2,0
20792,2,5,201633,2,0
23563,1,7,128353,1,1
32876,1,9,416462,2,0
31537,3,3,59834,2,1
31544,2,5,260856,2,1
28754,2,9,382873,1,1
15913,3,6,170419,2,1
9134,1,10,378613,2,0
13810,3,6,446345,2,0
24581,3,1,441243,2,0
10158,2,1,474186,2,1
29254,2,3,278993,2,1
26797,1,5,283550,1,1
18836,3,3,261712,1,1
10794,3,10,61808,1,0
12035,2,5,374647,1,0
19822,1,6,115981,1,0
29822,3,10,327899,1,0
9372,3,5,124022,1,0
22868,2,3,137353,2,1
8974,3,3,223535,2,0
32732,3,8,392849,2,0
12009,2,10,376723,2,0
13415,3,9,181673,2,1
18171,1,10,492835,1,0
8126,1,9,333493,1,0
31369,1,8,402653,2,1
13960,1,7,223197,2,1
31182,1,9,246618,2,1
27319,2,8,85158,2,1
22285,3,5,242630,2,1
8704,2,8,400418,2,1
34164,3,7,54088,1,0
18717,2,1,285476,1,1
12199,2,6,483201,2,1
13043,1,7,239636,1,0
19406,1,7,120963,2,1
13663,3,4,252845,1,0
31355,3,6,264222,2,0
33768,3,1,461870,2,1
16487,2,4,486727,1,0
12474,1,9,491268,2,0
24848,2,2,441765,1,0
15464,2,4,193027,2,1
11967,1,6,384964,2,1
20851,3,8,398928,1,1
34550,2,1,137901,2,1
21361,3,1,339121,1,1
26338,2,5,469226,2,0
13100,1,5,139920,1,0
29633,2,1,460618,2,1
13054,1,7,434929,2,1
14250,2,4,228127,1,1
10159,2,7,297796,1,1
29690,2,10,236647,1,1
20157,2,3,476166,1,0
34324,2,4,224586,1,1
18004,1,2,244836,1,0
20454,1,9,203884,2,0
19300,3,5,280437,1,0
11512,2,7,364624,2,0
24877,1,5,100326,2,1
25226,3,10,423920,2,0
15813,2,6,490346,1,0
12480,3,6,379397,2,1
34517,1,4,218977,2,0
15292,2,4,277982,2,0
20166,3,10,115638,2,0
14943,2,8,472117,1,1
34490,2,4,75354,1,0
23217,2,1,247792,2,1
13210,1,1,366806,2,0
32260,3,2,251324,1,1
22971,3,2,171080,1,0
20156,2,10,340864,1,1
9232,1,6,57461,1,0
21040,3,1,361097,1,1
26621,1,9,472430,1,1
22396,1,7,193447,2,1
15123,3,10,189056,1,0
16564,3,9,76681,2,1
23608,2,1,300290,2,1
31965,2,1,408984,1,0
31402,3,7,456340,2,1
25560,2,6,226226,2,1
17538,3,5,262229,2,1
19133,1,6,298952,1,0
23826,2,1,184126,2,0
27647,2,3,89138,2,0
27597,1,8,190201,2,1
18481,3,7,101034,1,1
23409,1,2,306810,2,1
24031,1,3,389132,1,1
22577,1,1,395057,2,1
31069,3,4,493137,2,1
33142,2,5,340548,1,0
22810,2,3,487958,2,1
28402,1,10,373531,2,0
12607,3,5,60657,2,0
28199,1,5,369941,1,1
13926,3,4,436706,1,1
24435,2,5,405756,1,1
9158,1,5,193794,2,1
15320,2,9,159177,2,0
19543,3,3,264475,2,1
29618,2,4,422875,2,1
21187,3,9,315008,1,1
11133,1,1,206625,2,0
17583,3,10,97097,1,1
9934,2,4,115774,2,0
31193,2,3,356679,1,0
22694,3,4,140252,1,1
31585,3,8,224422,1,0
20406,3,9,246451,2,0
33897,3,7,235235,2,1
15887,2,2,76951,1,1
31754,1,6,153777,1,1
34230,2,3,491937,2,1
14604,3,1,362890,1,1
8016,1,3,421086,2,0
21469,2,1,89008,2,1
21209,2,5,454763,2,1
24064,3,7,222928,1,0
34530,3,7,254973,1,1
11599,3,7,83427,1,1
31296,3,1,277555,1,1
30234,2,6,98422,1,1
32687,3,2,148365,2,1
17122,2,6,310200,1,0
17021,1,10,465808,1,0
31032,3,10,414737,2,0
11804,3,1,259465,1,0
24444,2,8,474706,2,1
19936,2,10,489020,2,1
12349,3,2,53394,2,1
23850,3,2,248471,1,0
20258,1,6,231239,2,1
24314,1,4,175613,1,1
30138,2,5,320079,2,1
18259,1,2,113181,2,0
29533,3,6,408148,1,1
21052,2,10,170731,1,0
18870,3,3,296239,2,0
10097,2,8,304689,1,0
33153,2,4,315671,1,0
14881,1,1,328424,1,1
31078,1,4,120412,2,0
9122,3,4,226207,1,1
32888,1,10,138536,2,1
19240,2,2,461879,2,1
34978,1,10,337812,1,0
20570,3,7,458057,1,1
10479,3,3,374696,2,0
25503,2,1,406902,1,1
12806,3,1,87795,2,0
14619,1,6,422488,1,0
18183,3,4,448009,2,1
24649,2,6,217292,2,1
20964,2,6,123305,2,1
34024,1,10,308849,1,0
21041,1,1,416770,1,0
34558,3,8,466792,1,0
25584,3,3,479292,2,0
12876,2,6,294389,2,0
15589,2,9,382663,1,0
34063,3,1,193415,2,0
22227,1,5,287842,1,1
9166,2,6,110686,1,0
22350,3,6,331431,1,1
23213,2,5,495875,1,1
24262,1,10,345389,2,1
18860,1,1,468019,1,0
11299,1,5,254097,1,0
22256,1,8,213029,2,0
14286,1,4,73025,1,1
24290,2,3,97324,1,1
18024,3,7,369103,2,1
16426,1,5,79318,2,0
12936,2,9,247240,1,1
15378,1,6,419959,2,1
28936,1,1,132274,1,1
8875,2,7,90902,2,1
28932,1,1,324692,2,1
22848,2,3,329868,1,1
16061,1,7,138087,1,1
25603,2,10,161965,2,0
28212,2,9,458293,1,1
16896,1,5,464180,2,1
31672,2,1,129484,2,1
30868,2,2,140324,1,1
18184,1,6,298211,1,1
31328,1,2,249331,2,1
15288,3,7,479624,1,0
13188,1,4,477381,1,1
18826,2,8,261246,1,0
32883,3,6,417122,1,0
26586,1,1,216294,2,0
20529,1,1,384821,2,1
33614,3,10,324759,2,1
10416,1,7,404627,2,0
9016,2,10,102234,2,1
31174,3,10,155147,2,0
21253,1,8,95289,1,0
10620,3,6,419055,2,0
24477,1,5,218115,1,1
14832,3,4,374507,2,0
12476,1,5,297182,1,0
31828,1,1,402846,1,1
11140,2,7,282435,2,0
10733,1,3,161149,1,0
27456,2,8,433074,1,0
21799,1,2,95834,2,1
32002,2,1,442080,1,0
30537,3,6,142561,2,1
23179,3,8,442333,2,1
20668,1,7,311689,2,1
9088,3,1,249716,2,0
8009,1,9,363035,1,1
17581,1,9,335382,2,0
9182,2,5,128282,1,1
33387,3,2,236628,1,1
33808,3,4,390026,2,1
9139,2,7,431235,1,1
28009,1,4,384902,1,1
29526,2,7,417676,2,1
26236,2,7,257029,2,1
28362,3,9,317944,1,1
24705,2,4,133825,1,1
31689,2,7,299111,2,1
20677,3,8,206718,2,1
34992,3,3,418281,1,0
13273,1,7,257989,1,1
23469,2,7,406225,1,1
23298,2,6,436887,2,1
14850,1,6,460705,2,1
20589,3,10,266915,2,1
34036,2,3,419311,2,0
10122,3,2,453576,1,1
14322,3,8,179031,2,1
24914,2,5,369255,2,0
12334,3,8,185416,2,0
17189,3,2,165330,2,0
14869,3,7,232485,1,0
33452,3,5,151001,1,1
28079,3,6,102860,2,1
15619,2,6,435754,2,1
24099,2,2,168669,1,0
13863,2,9,238136,1,1
34502,2,2,122090,2,0
19998,1,3,492661,1,0
28565,3,8,422010,1,0
31426,2,9,83263,1,1
29406,1,8,56003,1,1
21462,3,7,228078,1,1
8198,1,9,404238,2,0
28513,2,2,478091,1,0
22662,1,5,444409,1,0
30572,3,1,399338,2,0
20192,3,6,314097,1,0
33976,1,6,321294,1,1
14846,1,9,62763,1,0
33980,3,1,407419,1,1
21385,1,9,278761,1,0
23365,2,5,257965,1,0
30270,3,6,89626,1,1
34066,3,9,300359,2,0
32294,1,10,306582,2,1
23390,1,5,59981,1,1
28637,3,9,76089,1,1
9552,3,3,214380,1,0
20329,3,9,244964,2,1
29912,1,8,431824,2,0
12063,1,5,233392,1,0
29626,2,2,324407,2,1
31121,2,4,302353,1,0
14319,2,3,220528,1,1
23469,3,9,214022,2,1
9976,3,3,286829,1,1
33809,3,2,153994,1,0
12434,3,8,410886,2,0
34303,2,7,326361,1,0
29179,1,4,211467,1,0
12662,1,4,107422,2,1
33522,1,8,180087,1,0
22828,2,5,330399,2,0
20447,1,5,416887,2,0
16702,2,10,270100,1,0
15896,1,1,368428,1,0
29410,3,3,53973,1,1
10810,3,7,269408,2,0
9839,1,8,51763,2,0
13916,3,4,234915,1,0
18651,3,8,118830,2,1
20227,2,3,259325,1,0
19390,3,6,275750,1,1
15426,2,3,291457,2,0
11074,3,2,51190,1,0
34456,1,6,133276,2,0
23454,3,4,383268,1,1
34180,3,8,155487,1,1
9406,1,4,280338,1,1
29302,1,9,352441,2,0
16993,3,6,59419,1,1
11924,2,8,95841,2,0
23583,3,4,442768,1,0
30826,2,6,332442,2,1
10423,2,8,171471,2,0
16790,1,6,288160,2,0
13421,3,7,329867,1,1
8693,3,1,315647,1,0
24882,2,1,131973,1,0
15619,1,9,147814,1,1
9469,2,8,213183,1,1
25052,2,10,443456,1,1
32183,2,4,322666,1,0
28393,2,8,348626,2,1
24884,1,10,280642,2,0
27947,3,1,151830,2,1
22687,2,6,56897,2,1
12801,3,7,201156,1,1
22799,2,8,316373,1,0
22153,3,10,86280,1,1
9078,1,6,274131,2,1
28481,2,5,463045,1,1
18975,1,7,341533,2,1
28910,3,3,219323,2,1
19427,3,2,177352,2,0
10836,3,9,126864,2,1
25682,2,4,238614,1,0
21309,2,4,370076,2,1
11890,2,2,353938,2,1
9947,3,5,217622,2,0
28228,1,1,294990,2,1
28330,2,7,435115,1,0
29723,1,1,109010,1,0
19681,1,3,369547,2,0
26536,1,1,301007,2,1
22877,3,4,265980,2,0
24429,3,1,211686,1,1
31492,1,10,126500,2,0
22176,3,9,219343,1,0
22205,3,6,207420,2,0
25433,2,3,238355,1,0
18237,1,10,377217,2,0
8807,1,10,273637,1,0
11986,3,1,299197,2,0
19849,2,6,131951,2,0
34095,3,8,238629,1,0
23534,1,7,404002,1,1
32576,2,1,362043,2,1
21212,1,1,421477,2,1
30191,2,6,114985,1,1
31856,2,5,343736,2,0
34958,1,8,241397,2,0
18254,1,3,91081,2,1
20728,3,2,496051,1,0
17206,1,6,98331,1,1
8847,3,6,361666,2,1
9942,2,9,344728,1,1
13781,1,1,435557,1,1
26589,1,5,52934,1,1
16178,2,6,247435,1,0
28939,3,8,310579,1,1
11160,1,6,442611,2,0
21335,3,3,464555,2,1
21464,2,3,192438,2,1
8881,3,10,191131,1,0
9615,3,2,420824,2,0
30660,1,9,372165,1,0
12171,2,7,458322,2,1
15953,3,2,482197,2,0
34988,1,7,474841,2,0
21760,1,4,409540,2,1
11904,2,4,91417,2,0
15254,1,7,193543,1,0
27191,1,9,106926,2,0
17935,2,1,323683,1,1
12596,2,3,256102,2,0
25843,2,2,462677,1,1
18431,3,9,232784,2,0
10794,2,1,387933,1,1
18563,2,2,284249,1,0
22088,3,10,196177,1,1
8851,2,6,273717,1,0
24197,3,4,244259,2,0
31546,3,10,333334,2,1
12154,1,4,482130,1,1
31923,3,9,465102,1,1
12751,1,3,135837,2,0
23917,2,9,497272,1,1
19717,1,10,154577,2,1
28368,2,9,74270,1,0
32457,2,6,275095,2,0
20960,2,6,247345,2,0
8720,1,10,362213,2,1
16843,3,4,55824,2,0
24910,3,6,288090,2,0
31615,1,6,281517,2,0
25612,1,1,440491,1,1
18751,3,6,371862,1,1
8491,2,2,90500,1,1
24809,2,6,399716,2,0
21493,1,1,198534,1,1
30217,1,9,460782,1,1
31550,3,1,389530,2,1
33321,3,2,172190,1,1
32812,3,8,447340,2,1
10409,1,9,402110,2,1
29164,1,9,189069,1,1
29505,3,8,495958,1,1
24100,2,10,443205,1,0
33387,3,1,389271,1,1
34149,1,2,483520,2,0
31338,1,5,190835,1,1
30915,2,4,495326,2,0
18674,1,5,361611,1,0
18942,1,4,269334,1,1
15264,1,6,117282,1,1
26055,1,3,174874,1,1
11299,2,8,59725,1,1
24301,3,7,53189,1,0
17893,1,1,371132,2,0
17760,1,6,216398,1,1
8464,1,9,65668,2,1
23399,1,8,108556,2,0
14485,1,9,132656,2,1
28585,1,5,445347,1,1
13891,1,7,134595,1,0
25786,2,8,274356,2,0
17497,2,10,394503,2,0
31770,2,2,257613,1,1
24018,2,4,120279,2,1
19493,3,6,386549,2,0
27038,3,10,380068,1,0
11930,2,4,186334,2,0
30497,2,4,250041,1,1
8769,3,1,414683,2,1
30768,1,3,340802,2,1
26325,3,9,438758,2,1
16199,1,7,221314,1,0
29297,1,8,234347,1,1
24272,2,5,174162,2,0
11605,3,1,482768,1,1
25149,3,2,496170,1,1
30677,1,7,439649,1,1
9007,2,3,369934,1,1
17822,3,7,452369,1,0
30625,2,1,303897,1,1
23647,3,9,469438,2,1
9309,1,4,409680,2,1
24946,2,3,323038,1,1
30278,2,7,246505,1,1
33502,3,8,132236,2,1
11675,2,9,98617,2,0
34436,1,2,98226,2,1
16625,3,1,244892,1,1
28478,3,7,429799,2,1
9945,3,5,499398,1,0
8268,2,6,415102,1,0
20449,1,7,195201,2,0
33004,1,4,398254,1,0
9567,2,4,397413,1,0
9010,3,2,480758,1,0
23453,3,5,79947,1,0
20515,1,4,217844,2,1
28701,1,1,173928,2,1
17991,1,6,282612,2,0
17240,3,2,344671,1,1
22985,2,5,433614,1,1
11762,2,6,231173,2,0
18614,2,2,208967,2,0
10528,1,9,106603,1,0
21658,2,3,178394,1,1
25866,3,8,211196,2,0
14512,2,6,309197,1,0
12141,1,9,459574,2,0
32875,2,6,326321,1,0
30744,2,10,464338,1,1
28847,2,7,128002,2,0
30659,2,4,312512,1,1
16177,3,3,486651,1,0
17328,2,7,216625,2,1
24695,3,5,289687,2,0
29445,1,3,434368,2,0
32436,2,6,312709,1,1
27621,3,3,51976,1,1
17727,3,6,327396,1,0
11297,1,3,318786,2,1
30384,3,5,362087,1,1
19106,1,5,152514,1,1
11316,3,2,103156,2,1
25968,1,8,340423,2,1
27085,3,9,62300,1,0
25272,2,5,144485,1,1
18000,1,10,359726,1,0
21568,2,10,129677,2,0
33858,1,4,330746,2,0
34585,1,5,124186,1,1
33123,2,3,367243,2,0
15796,2,8,426761,1,0
26353,2,9,143915,2,1
31975,2,9,386006,2,0
26962,1,8,53956,1,1
22695,2,1,324702,1,1
10493,3,10,267903,2,1
13460,3,9,241031,2,1
33268,1,1,118845,1,1
30480,3,4,256527,2,1
23444,2,10,208101,1,1
27254,2,4,104299,1,0
15279,1,3,113028,2,1
27645,2,4,499756,1,0
22440,3,6,459306,1,1
9788,2,4,311882,1,0
17627,1,6,326112,2,1
14493,3,9,435730,1,1
10912,1,4,481782,2,0
27894,2,7,376236,1,0
19631,3,7,345018,2,0
19712,2,3,444180,2,1
9843,2,6,327705,1,0
22188,1,1,127296,1,1
29010,3,4,114889,1,1
19851,1,4,368629,2,1
30041,2,9,237336,1,1
23181,3,6,219261,2,1
25511,1,2,199376,2,1
25406,1,7,382883,2,1
28274,3,8,135659,1,0
26421,1,10,165977,1,1
14061,1,1,90639,2,0
14347,1,5,274977,1,0
24072,1,10,365634,2,1
15499,3,8,59800,1,0
19734,2,6,256919,1,1
27305,2,5,251318,2,1
23731,2,2,153602,2,0
29855,2,3,429079,1,1
17841,2,2,386749,2,1
29099,3,9,248518,1,0
33992,1,1,79679,2,1
8342,1,5,143427,1,0
24436,2,9,304829,2,1
25178,2,2,84175,2,1
8435,2,10,306761,2,0
20470,3,10,429970,2,1
17610,1,1,233084,1,0
10965,2,6,260271,1,0
13152,3,8,89286,1,0
25370,2,1,134005,2,1
9921,2,3,82366,2,1
11753,1,8,323616,2,0
13232,3,6,364964,1,0
23923,2,2,189835,1,0
28428,1,4,318126,2,1
12785,3,6,352032,2,0
27903,2,2,294744,2,1
23250,2,10,298949,1,0
24780,2,10,425685,1,0
18795,2,1,494627,2,0
21308,1,3,267012,2,1
8133,3,1,373630,1,1
22736,2,8,380945,2,1
8689,2,2,271681,1,1
18160,2,1,202297,1,0
25275,2,6,149803,2,1
31003,1,9,273128,2,0
14788,2,3,122255,1,0
13163,1,8,214865,2,1
24988,1,10,402720,1,0
13693,3,6,72297,2,1
14767,1,3,473399,1,1
26164,1,9,294755,1,1
16261,3,4,420061,2,1
8897,1,8,294163,2,0
11404,2,8,321201,2,0
25062,2,9,384132,1,1
12859,1,9,389672,2,0
24598,3,2,430326,2,0
11125,1,1,212419,2,1
11784,1,9,195591,2,1
22699,3,1,334275,2,1
27461,2,9,60856,2,1
21304,2,2,247418,2,0
13572,1,2,474944,2,1
10649,3,6,328175,1,0
15865,3,5,246227,2,1
30759,2,3,234875,2,0
13060,2,8,482258,2,0
12082,2,9,372739,1,1
12873,3,10,327843,2,0
23823,1,6,359906,1,0
26403,2,4,258392,1,0
8653,3,5,67725,2,1
14323,3,3,81938,2,0
33744,2,9,377629,2,1
32039,2,5,204472,2,0
9505,3,2,168028,1,1
9275,2,9,76551,2,1
24582,1,9,300878,2,0
32912,1,4,258043,1,0
14625,2,1,197102,2,1
12390,3,7,452768,2,1
29554,3,4,214685,2,1
29502,2,4,336246,1,1
21112,1,8,428240,1,1
22779,2,1,205391,1,0
33875,3,9,490297,2,0
15102,3,5,67168,1,1
15559,2,6,80725,2,0
18835,1,9,349578,1,0
29674,1,6,447618,2,1
20213,2,8,260268,2,1
15188,3,6,229693,1,1
34480,1,4,103231,1,0
27582,2,7,273133,2,1
20147,1,6,314149,2,0
14975,1,2,462930,2,1
20028,2,2,486599,1,1
13942,3,5,115399,2,1
27822,1,8,472940,2,1
28907,1,5,364614,2,0
14035,3,8,182206,1,1
28985,1,1,385853,1,0
22943,2,7,323029,1,1
10547,1,1,294854,2,0
14228,1,2,246692,2,1
20479,2,2,349997,2,1
13073,1,1,62110,1,0
16100,2,7,399162,1,1
32383,2,4,471277,1,1
26990,3,3,130670,2,0
11128,3,6,233094,1,0
8505,1,9,242341,2,0
25761,3,4,118346,1,1
34580,3,3,269428,1,0
26021,3,7,332907,1,1
33065,1,7,374368,1,0
34431,3,9,498490,2,1
19014,1,2,92922,2,0
13286,3,1,332316,2,1
13586,3,8,135806,1,1
26329,2,5,236581,1,1
24655,2,7,439880,2,1
31097,3,1,217458,2,0
9933,3,10,208292,2,0
22135,1,3,50618,2,0
26130,2,4,173343,2,0
25847,1,5,212612,1,0
33157,2,10,366990,1,1
34550,1,3,430007,2,1
27901,2,8,421593,2,0
25316,1,3,202719,1,0
28583,2,10,209814,2,1
29239,3,8,99881,1,1
18456,3,4,64581,1,1
21759,1,8,385191,2,1
8999,1,9,427987,1,1
20209,3,8,452529,1,0
30230,3,7,95571,1,0
22912,1,10,79600,1,0
33557,2,10,467340,2,0
24240,3,10,419585,1,1
26870,2,1,199017,2,0
21911,3,8,285704,2,0
24310,1,7,272080,1,0
18576,1,10,256837,2,0
15648,2,2,387580,1,1
15539,2,3,181560,1,1
24226,1,10,180897,2,1
9012,3,3,150342,1,1
32014,3,5,461263,1,0
18019,1,5,225977,1,1
23323,2,3,400786,2,0
15655,3,3,194416,2,1
28543,1,1,193720,2,1
30813,2,3,101410,1,1
17501,1,10,247564,1,0
19324,3,9,291113,2,0
9894,2,1,194660,1,1
20540,3,9,167368,1,1
22244,1,10,342501,2,1
32205,2,10,243079,1,0
12872,2,10,180835,1,0
11361,2,4,220070,2,0
32619,1,9,222028,1,1
29309,1,3,97899,2,0
34982,3,4,164180,2,1
29095,1,8,58167,1,0
17195,2,3,499200,2,1
25202,3,7,366338,2,1
24577,1,3,160753,2,0
17122,1,9,275473,2,0
27089,1,7,437915,2,1
21530,2,6,463920,1,1
16061,2,6,266038,2,1
22983,2,8,121957,2,0
17063,2,5,121457,1,0
24581,2,2,92682,1,0
16092,1,8,479723,1,1
18498,1,6,422520,2,1
28916,1,9,92532,1,0
25075,3,9,425803,2,1
22375,1,9,423692,2,1
22308,1,6,70281,1,1
13963,1,9,437040,1,0
24191,3,4,189401,2,1
27021,2,4,320366,2,0
19775,2,1,398138,1,0
22213,2,3,483205,1,0
20851,1,6,220357,2,1
32173,1,1,127582,1,1
17622,3,7,345822,2,0
9795,2,5,160930,1,0
27326,2,2,271291,2,0
22955,3,5,290670,2,0
26964,1,3,274307,2,0
25616,2,10,60546,2,0
31256,1,8,305260,1,1
25691,1,1,68735,2,1
30987,2,6,126749,1,0
17271,1,8,57964,1,0
18379,2,4,431537,2,1
20672,2,7,397413,1,1
33298,1,2,240940,2,0
16108,1,9,310011,1,0
22198,3,2,403417,1,1
25868,1,3,430712,2,0
22363,2,9,265350,2,1
14830,3,1,262415,1,0
12747,3,8,448738,2,0
20230,1,10,457129,2,1
29943,1,6,246436,1,0
34870,3,8,497049,2,1
14592,1,3,424575,2,0
31506,2,4,100465,2,0
32246,3,8,52085,2,0
28412,2,1,377250,1,0
30709,1,5,127269,1,0
26274,3,6,442881,2,0
34529,3,9,163670,2,0
21492,2,9,308872,2,1
13762,2,4,226225,2,0
27355,3,10,146330,1,0
25713,1,9,466752,1,1
12000,1,5,61950,2,0
15229,1,10,245829,2,1
20505,1,7,214917,2,0
15642,3,8,83715,1,1
34643,2,10,340061,1,0
23437,3,2,112684,1,1
16607,1,7,72186,1,0
23390,2,3,322880,1,1
30034,1,9,130799,1,1
25929,3,8,459758,2,0
15278,2,10,286212,1,1
33711,1,6,271240,1,0
25842,1,8,260294,1,0
19226,3,3,462983,2,0
21186,3,5,82467,1,0
29540,3,2,331118,1,0
31208,3,10,474254,2,1
10329,3,10,317199,2,1
18622,2,4,376121,1,1
8055,3,7,309294,1,0
8957,1,7,404595,2,1
32548,1,3,116264,1,0
34091,3,8,244411,1,0
30823,3,3,283899,2,1
22062,2,1,397859,1,1
33637,3,3,360499,1,1
32135,2,5,303052,1,1
24106,1,8,449872,1,0
17999,2,10,338693,2,0
17588,3,3,150220,1,0
33015,3,2,358413,2,1
13941,1,6,53495,2,1
8418,1,3,184520,1,1
19705,3,6,133139,2,1
21813,1,6,355607,1,1
20707,2,10,397198,1,1
33648,2,5,439730,1,0
11177,3,2,455969,1,1
28338,2,5,297933,2,0
14392,3,6,442968,1,1
18178,2,4,325776,2,0
15624,3,9,482889,1,0
20873,1,5,499318,1,0
10362,2,10,205755,2,1
30196,3,5,355089,2,0
16484,2,3,432913,1,1
30887,1,4,435720,2,1
26172,2,7,193687,2,0
22896,3,7,211602,1,0
13738,3,7,442438,1,1
25196,1,7,248365,2,1
9167,1,10,425923,2,0
12199,1,3,236176,2,0
21591,2,6,119855,1,0
31368,1,5,52185,1,0
18032,3,4,389010,1,0
16408,1,4,273410,2,0
19647,2,8,139779,1,1
13273,2,2,209489,1,0
27817,3,2,414943,2,0
30827,2,2,90539,1,1
31542,3,9,435114,2,1
27576,2,3,278892,1,1
32405,3,2,80282,2,0
25071,2,3,376175,2,0
24493,1,6,341447,2,0
27643,1,5,332530,2,1
14220,2,10,157916,1,0
22094,2,7,496515,1,1
21093,2,3,96451,1,0
30110,1,9,100755,2,0
26672,3,7,108314,1,1
11158,2,4,493463,2,0
8106,2,5,403780,2,0
19489,1,5,158024,1,1
28544,3,5,404189,2,0
21125,2,2,377368,2,1
25618,1,5,321974,1,0
32257,2,3,366853,1,0
24134,2,2,415389,2,1
33375,3,6,111532,2,1
26089,3,1,312778,1,1
20231,2,8,209493,2,1
18842,2,8,313126,2,1
14174,2,3,386478,2,0
10395,2,6,277314,2,0
11367,3,5,234202,2,0
13212,2,3,323695,1,1
31194,3,8,164554,2,0
8867,3,2,430468,1,1
26700,3,6,406447,1,0
23601,1,8,311058,2,0
28529,2,7,364681,1,1
29721,2,1,187417,1,0
8245,1,4,333980,1,1
11572,3,9,364024,1,0
28354,2,2,124065,1,0
18000,3,5,187617,2,1
9804,2,1,410411,1,1
18084,2,9,177803,2,0
34509,3,3,305501,1,0
24505,3,6,297779,2,1
19623,1,9,229336,1,1
27320,3,5,341586,1,1
23122,1,5,481085,2,0
17377,2,8,343080,2,0
26986,2,5,262271,2,1
8140,1,7,307047,2,1
12815,1,3,183763,2,0
20304,3,7,257295,1,1
25704,3,1,286212,2,0
20605,2,8,494698,2,1
22529,2,3,300267,2,1
31531,3,10,301123,2,0
25833,2,7,309284,2,1
9375,1,2,355964,2,0
16529,2,9,470627,2,1
13494,1,10,493444,1,0
23168,2,5,86218,1,1
11501,1,2,79536,1,0
32687,3,5,414774,1,0
16336,3,6,458836,2,0
31385,1,3,229297,1,0
30478,3,4,463824,2,1
27168,1,8,109166,2,0
14896,2,10,355736,2,0
12487,3,5,87473,2,1
8407,1,8,272712,2,0
12353,1,5,229033,2,0
21261,3,3,499405,1,1
18346,3,3,57728,2,1
27397,1,5,301308,2,0
30879,1,10,146926,2,1
21026,1,5,327040,1,0
13613,2,6,116789,2,0
17041,2,7,484316,2,0
24741,2,4,56456,1,0
18027,3,6,380684,1,1
13522,3,3,442168,2,1
25776,2,7,217593,1,1
9056,2,9,364882,2,0
13770,3,6,101031,1,0
28424,3,5,237724,1,0
14246,2,3,326814,1,0
11070,1,10,460669,1,0
25804,1,10,237226,2,0
26012,1,2,235635,2,0
12585,3,6,211214,2,0
12447,1,5,196485,2,1
31514,2,3,103468,1,0
17535,2,5,200531,1,0
11940,2,1,65647,2,1
24998,3,2,130194,1,0
23127,3,6,359609,2,1
25691,1,9,454980,1,0
29953,1,4,156293,1,1
16382,2,6,76887,1,0
24157,1,10,180410,2,0
32530,3,6,306339,1,0
17202,3,5,202131,2,1
8986,3,3,331821,1,1
8052,3,3,323330,1,1
25196,1,3,200706,1,0
30814,1,4,252506,1,0
30416,1,1,298921,2,0
10572,1,10,148221,2,0
25647,3,7,171868,2,0
33822,2,7,121359,1,1
10604,3,6,363317,1,1
21633,1,10,203832,2,0
33861,3,6,343586,1,1
29498,3,6,372065,1,1
22985,3,8,276110,1,1
19796,3,3,278387,2,0
17193,1,6,138635,1,0
20829,3,4,124016,2,1
17408,3,6,498402,1,0
14253,3,10,217385,2,1
10469,2,9,78709,1,0
25658,3,2,96776,2,0
18211,1,1,291406,2,0
31278,2,10,182893,2,0
14453,1,7,61534,1,1
21360,2,10,172902,1,0
18272,3,7,357356,2,1
28880,1,2,67812,1,1
34629,3,9,384018,2,0
34255,3,4,335124,2,1
16078,1,9,328428,1,1
11283,2,6,340270,2,1
21585,1,3,482574,1,0
13968,3,10,160660,2,1
20978,1,9,356891,1,1
34583,1,8,328392,1,0
16241,2,7,337044,2,0
24568,1,4,475264,2,0
20981,1,4,148396,1,1
8015,3,5,257608,1,1
33484,3,8,266437,2,0
12118,3,7,238516,2,0
24781,2,7,183366,2,0
33950,3,4,496724,2,1
25288,3,5,101101,2,0
14671,3,10,200558,1,0
21903,1,9,472375,2,1
8507,3,10,101200,2,0
18576,2,1,255817,1,1
13631,1,6,70958,2,1
19269,1,8,327446,1,1
24370,1,4,377966,1,0
32787,3,4,239261,1,0
15115,3,7,419915,1,0
22296,3,7,369952,1,1
28512,2,2,152355,2,0
21657,3,3,470042,2,0
13325,3,2,436925,2,1
13568,2,7,192656,2,0
18130,3,7,404881,2,0
30295,3,3,127509,2,1
8050,2,10,436631,1,0
15739,1,6,117256,1,1
33962,1,4,445452,2,0
30380,2,7,263481,2,1
25309,1,2,88389,1,0
14502,1,6,84013,1,0
28562,3,6,285245,1,0
17650,1,3,406329,1,0
8236,1,7,208921,2,0
15839,2,8,212346,2,0
24318,3,1,293751,2,1
18731,1,4,373425,1,0
28701,2,5,182921,1,1
10090,2,9,387031,1,0
21582,1,2,257112,2,1
17262,1,8,480812,2,1
17130,2,5,95580,2,1
8348,1,6,100822,1,1
16832,3,1,476934,2,1
19842,1,6,410002,2,0
17010,3,8,465331,1,0
16483,1,4,480960,2,0
9582,3,1,339788,2,1
22986,3,7,349823,2,1
29729,2,10,493380,2,0
14771,3,3,312310,2,0
9348,1,5,51721,2,0
9625,1,2,257071,1,0
8386,2,2,352361,2,1
20137,1,3,308859,2,0
28426,1,10,98488,1,0
31928,2,8,470499,1,1
32501,3,5,485541,1,0
25074,2,6,341867,2,1
13969,1,8,474403,1,1
18168,3,9,120854,1,1
17784,3,6,424157,2,1
17792,1,10,328071,2,0
8806,3,5,232748,1,1
8163,3,3,94418,2,0
24336,1,2,231766,1,0
24652,1,7,290038,2,0
29728,3,2,285943,2,0
17496,1,9,430600,2,1
12210,3,6,385616,1,1
12166,1,1,384907,1,0
28018,3,1,488060,1,0
12153,1,3,121011,2,1
20539,3,10,105125,1,1
13999,2,3,436664,2,1
29236,2,2,63092,2,0
31965,1,6,362457,1,1
17252,1,1,367925,1,0
12590,1,2,76641,1,0
29732,3,7,348498,2,1
11982,3,6,77855,1,0
18446,3,3,308236,1,0
8875,3,3,468007,2,0
13856,1,6,98150,1,0
10436,1,1,258823,1,0
24237,1,10,118463,2,1
16798,3,2,340193,2,1
17130,3,4,187961,2,0
9851,1,2,327287,2,1
19889,2,10,368058,1,0
9631,3,10,367067,1,0
9578,2,4,379693,1,0
16068,1,7,342331,1,0
25889,2,3,405217,1,0
34936,2,5,497426,2,0
21587,3,4,218334,2,0
25180,2,5,407165,1,1
29919,1,2,139879,1,1
10084,1,8,436278,2,1
20886,2,5,477637,2,0
13601,3,9,250843,2,1
20040,1,1,332296,1,1
23058,2,1,161364,2,0
32519,3,3,145263,1,0
14848,3,2,186698,2,0
33837,2,1,211682,2,0
28653,2,5,402457,2,1
10137,2,1,328268,1,0
24466,2,7,388719,2,0
10725,3,8,57722,1,1
11132,2,2,355306,2,1
17220,3,1,393719,1,0
10115,2,8,299338,1,1
30680,1,10,115152,1,1
14982,2,8,259052,2,1
33024,1,2,178724,2,0
16756,2,8,415906,2,0
34653,2,3,137392,2,0
12616,1,2,298050,2,1
9924,1,4,385581,1,0
10720,2,1,201503,1,0
12069,2,4,151494,2,0
9111,2,3,316035,1,0
29196,2,1,128619,2,1
24936,3,7,144551,1,1
26974,3,5,218696,2,1
33612,2,7,194031,2,1
10964,3,8,366721,2,1
29480,1,9,83269,1,0
29044,2,8,157775,1,1
10467,3,10,308744,2,1
24933,1,4,58895,1,0
29096,2,1,230291,1,0
20995,1,6,436307,2,0
16765,2,2,315115,2,0
20204,3,10,365105,1,1
12555,2,4,227592,1,0
21595,2,4,431613,1,0
22474,1,1,100604,2,0
17028,2,7,434571,2,1
21636,1,6,470953,1,1
28146,1,5,440849,2,0
13005,2,5,427892,1,0
21022,2,4,391889,1,0
29804,3,10,424278,2,0
30747,2,3,53689,1,1
15525,3,7,69429,2,1
16430,1,10,407708,1,0
19013,3,3,466402,2,1
34738,1,4,233886,1,1
29939,1,7,307549,1,1
20821,1,7,333104,1,0
19434,2,5,393134,2,0
15909,2,3,303757,1,0
22551,3,5,137222,2,1
33101,3,10,217376,1,1
21564,3,2,483754,1,1
9882,2,10,239005,1,1
25077,1,6,406590,2,1
22009,3,9,91434,2,1
15153,2,2,185879,2,0
31796,3,7,475580,1,1
9042,3,4,186583,1,0
23945,3,5,303173,1,0
30715,1,5,214065,2,1
23461,2,10,83202,1,0
20032,2,4,50062,2,0
25474,2,8,272784,1,0
20139,2,10,78180,1,1
22621,3,1,499156,2,0
31606,3,10,127739,2,0
13908,3,4,293142,1,1
25875,2,4,56621,1,1
17679,2,4,72572,2,1
15637,3,6,494882,1,1
33239,3,9,360555,2,0
28928,2,10,344922,1,0
13754,2,9,127197,1,1
26301,3,5,492388,1,1
10356,3,5,449107,2,1
30398,1,5,63766,1,0
21554,1,9,203224,1,0
26371,3,8,398300,1,1
11835,1,9,117001,1,0
18505,2,7,135856,2,0
26341,3,3,147479,2,1
13332,1,8,420930,2,1
11931,1,4,495607,1,1
23140,1,5,185988,2,1
8540,3,9,173234,1,1
26126,3,4,462637,1,0
32382,2,6,72018,2,0
15005,2,2,95089,1,1
11188,3,8,476480,1,1
27911,2,1,284213,1,1
11357,3,4,238242,2,1
13913,3,4,211015,2,0
8851,2,6,130334,1,1
17643,3,4,255688,1,0
29489,3,7,332350,1,1
20266,1,6,251499,2,0
16672,2,8,164420,2,1
12498,1,10,150919,2,0
30387,2,1,230712,2,1
17138,2,10,326267,2,0
11440,2,10,142797,1,0
25290,1,3,75470,1,1
13532,3,6,202260,1,1
34418,3,1,388681,1,1
12237,1,1,128587,2,1
20278,1,7,119218,2,0
29311,1,6,88014,2,1
8720,1,7,419367,2,1
22792,2,5,337044,2,0
12707,3,2,163363,1,1
20924,1,10,321852,2,0
15006,1,8,85087,1,1
11300,1,7,449216,1,0
32961,1,9,155620,1,1
26150,3,8,289538,1,1
8146,2,1,188729,2,1
20774,1,10,90588,2,1
20237,3,4,359250,1,1
33106,2,2,410548,2,1
28405,3,8,327799,1,1
16576,3,5,349847,1,1
34538,3,2,279008,1,1
9848,2,5,105418,2,0
11109,1,6,66294,2,0
22664,2,10,288849,1,1
26501,3,1,171949,2,0
8213,3,6,453209,2,0
8436,2,9,86929,2,0
21431,2,8,77372,1,0
27069,1,9,84333,1,1
22037,2,5,479367,2,1
29486,2,9,340593,2,1
29671,3,4,451754,2,0
19119,3,2,75404,1,0
8716,1,8,336790,2,0
26775,1,8,302485,1,0
29056,3,1,393317,1,1
25099,2,6,91022,1,0
32479,1,2,242153,1,1
18591,1,10,94729,2,1
14554,3,8,397513,1,1
32692,2,8,351123,2,0
18529,3,8,231465,1,0
24002,3,6,327694,2,1
13676,1,10,429487,1,0
31695,2,4,291959,1,0
29016,2,6,372543,2,0
10175,2,9,399019,2,0
22300,1,3,207859,2,0
31445,1,10,393173,2,1
15648,2,3,359366,2,1
16370,1,7,140518,1,0
29269,3,9,321622,1,0
31809,1,8,55361,2,0
19110,2,10,349023,1,1
15558,3,9,257494,2,0
31243,3,7,344035,2,0
12404,3,10,284960,2,1
24196,3,9,331564,1,0
29404,2,10,256679,2,0
31945,1,8,217250,1,0
34344,3,10,333871,2,0
33523,1,1,282384,2,1
8828,1,10,263293,1,0
16300,1,8,70270,1,1
33664,2,4,222250,2,1
26649,1,2,472410,2,0
27048,2,5,119372,2,1
25463,1,6,397856,1,0
14952,1,5,468929,1,0
19797,2,4,294258,1,1
26019,3,4,138900,1,0
24228,1,2,335755,1,0
9558,2,9,332922,1,0
25546,2,6,302352,1,1
19241,3,2,93852,2,1
12165,1,2,281204,2,1
24173,1,5,194343,1,1
10245,2,5,213962,1,1
33827,2,5,314328,1,0
25145,3,10,229274,1,0
15727,1,4,320732,1,1
27248,2,10,280498,1,1
17687,1,7,359723,2,0
16487,1,7,446659,1,1
25935,2,9,470069,2,1
31919,1,10,361965,1,1
20224,3,8,350662,1,0
12885,2,6,258003,1,0
28224,1,4,428358,1,1
12728,3,2,232075,2,0
16842,2,3,73295,2,0
9727,3,4,312993,1,1
20910,3,7,239285,2,1
9631,2,2,204970,1,0
25698,3,5,354076,1,1
10422,1,4,406606,2,1
32644,3,3,280859,1,0
9450,2,3,161133,2,1
27962,3,8,201248,1,1
17949,3,9,268949,2,1
16109,3,1,304158,1,1
8747,2,7,137589,1,1
29922,1,7,477400,2,1
10590,2,3,141373,2,0
25658,2,2,364853,1,1
26486,3,10,425553,1,1
14420,1,9,341549,1,0
22729,1,6,99600,2,0
33991,2,2,131762,1,1
8952,1,4,123885,2,1
28674,1,7,290545,2,1
28087,1,6,321917,1,0
17398,1,4,146910,2,1
25302,3,1,167053,2,1
18824,3,10,400517,1,1
31960,1,1,419838,2,0
8365,2,4,383613,2,0
21165,2,8,73712,1,1
26606,1,5,112812,2,0
18189,1,5,190511,1,1
10077,1,7,163457,2,1
32714,2,4,441280,1,1
17442,1,6,58036,2,1
32980,2,10,436533,1,1
27731,1,6,227347,1,1
16595,1,9,226089,1,0
31614,2,5,231558,2,0
12865,2,5,190691,2,0
12417,2,2,432674,2,0
22836,3,10,452284,2,0
22619,3,7,177254,1,0
15011,1,10,482912,1,1
34752,2,7,380928,1,0
28363,3,8,132757,1,1
22566,2,9,368397,1,1
31639,2,9,449374,1,1
22193,1,10,367495,1,0
26261,2,6,310135,2,1
13837,2,10,182126,1,1
8307,3,10,200614,1,1
25592,2,8,262356,2,0
32436,2,3,414575,2,1
10509,3,5,233039,1,0
31910,2,10,444843,2,0
26719,3,7,356566,2,0
23673,1,8,228000,1,0
10137,2,1,109677,2,1
18489,2,1,294350,2,1
30752,2,9,145585,1,1
21083,3,4,470148,2,1
8172,3,1,93764,2,0
33854,1,4,110012,1,0
33664,1,5,424856,2,0
34602,3,4,161397,2,1
11854,2,3,333909,2,1
33467,2,6,194924,2,1
34954,3,3,321740,2,1
26498,2,8,393821,2,0
20778,1,3,103000,1,0
9181,2,4,232216,1,1
13231,1,5,318066,1,1
12706,1,3,499495,1,0
12953,3,1,122315,2,1
31101,1,2,493463,1,0
17483,3,10,108541,1,1
25981,2,5,406526,1,1
26793,1,6,428759,2,1
19936,2,4,355341,1,0
29464,3,1,472585,2,0
24150,1,7,280791,2,0
19195,1,2,314660,2,0
20306,1,3,409145,1,0
32159,2,2,202256,2,0
27799,2,8,153461,1,1
26639,2,3,198794,2,1
33130,3,7,220164,2,0
8105,3,8,347350,2,1
24417,3,5,244233,1,1
23360,3,5,141116,1,1
30904,2,6,151059,2,0
27280,2,10,458419,1,1
12485,2,2,222434,1,0
16619,1,7,243322,1,1
23570,2,9,345785,2,1
30314,3,9,414404,2,1
16764,2,8,145498,2,0
17669,1,5,66757,1,0
20068,3,6,103370,1,1
20268,3,9,231606,2,1
20195,1,9,358066,2,0
17581,1,4,210953,1,0
18802,2,6,131642,2,0
33207,1,5,182188,2,0
11538,1,3,222114,1,1
29701,3,1,181802,2,1
9204,1,10,211896,2,1
17688,3,5,192151,2,1
19845,2,6,285961,1,1
9550,2,9,467597,1,1
29571,1,2,271581,2,0
12647,3,5,474620,1,1
25154,3,8,164983,1,1
8629,1,7,131948,2,0
11369,2,5,350795,1,1
28978,3,2,314046,1,1
22741,1,9,142255,2,0
13361,2,8,60799,1,1
12124,2,1,386962,1,0
32534,1,3,180229,1,0
15554,2,5,149770,1,0
12418,3,3,132461,2,0
15655,3,2,347053,2,1
30063,2,4,324856,2,0
21489,2,7,497385,2,1
31261,2,7,417725,1,1
23386,3,4,219615,1,1
15491,2,4,58091,2,0
11407,3,1,96396,1,1
32217,1,2,141525,1,0
13308,3,4,202018,2,0
18405,1,4,203104,2,1
34024,2,2,332027,1,1
25604,1,7,284392,1,0
10588,2,3,71957,1,1
17844,2,1,55098,2,1
27390,2,2,228022,1,1
33922,1,8,236039,2,1
25032,2,1,244631,1,1
29458,3,7,305291,2,0
28541,1,1,267898,2,1
31171,1,9,291216,2,0
17662,3,10,229765,1,1
27165,3,10,209096,1,1
13618,3,9,267491,1,1
17516,1,5,419576,1,1
23942,2,4,341737,1,0
10400,1,10,414084,1,0
32403,3,5,407096,2,1
10662,2,1,337169,1,1
13907,1,1,464023,2,0
28675,3,2,141153,2,1
24994,3,9,373829,1,1
16378,2,4,256921,2,1
24198,1,1,88827,1,0
32593,1,10,270870,2,0
19727,1,5,236008,2,1
19896,2,1,268759,2,1
28658,3,3,193139,1,1
17958,3,3,248454,2,0
20320,3,9,338936,1,0
12366,3,4,270878,2,0
29914,2,8,245093,2,1
34366,1,2,387255,1,1
13634,1,9,263226,1,1
8018,2,4,153788,1,0
33748,2,9,460377,1,1
20548,1,3,479780,2,1
27015,3,6,59255,1,1
16499,3,4,359132,1,1
27246,3,9,175244,2,1
32573,1,10,486554,1,0
32402,1,1,355472,2,0
23529,2,2,189061,1,1
21913,3,8,388922,1,1
26078,3,5,380934,2,1
25804,1,3,272006,1,0
28220,1,4,246125,2,0
30733,1,4,277336,2,1
14812,3,3,184462,2,1
11688,1,4,419422,2,0
12274,2,9,219799,1,1
22567,2,4,115407,1,0
23700,2,8,404661,2,1
29096,3,8,298866,2,0
10798,1,7,62840,1,0
29496,3,5,181693,2,0
18122,3,10,392459,2,1
25931,3,2,273026,2,1
18524,3,9,302603,2,1
25021,2,9,322827,1,0
32135,2,5,381899,1,0
12329,1,7,340632,2,0
29878,1,7,123448,2,1
25906,3,9,146090,2,1
31586,2,1,91184,1,1
26583,3,3,354647,1,0
13411,3,5,407437,1,0
24320,3,8,96518,2,1
14428,2,6,149195,1,1
18871,1,4,232112,2,0
13534,1,7,186033,1,1
29859,3,2,282175,2,1
10366,3,1,154418,2,0
18504,2,7,272529,1,1
29688,2,10,157376,2,1
9828,1,4,329656,2,1
21790,3,4,77983,1,0
23338,3,1,138344,2,0
20840,3,8,167866,1,0
24746,3,3,476304,1,1
13053,2,6,498207,2,0
17167,1,3,188675,1,1
31452,1,4,202131,1,0
33820,2,6,130238,2,1
29608,3,5,375452,2,0
18937,2,4,144904,1,1
9177,2,10,196350,1,0
19455,2,8,473922,2,0
27205,3,4,111153,1,0
14183,1,7,430117,1,0
15708,3,7,259970,2,0
26154,2,9,305600,1,1
23310,1,6,351415,2,1
13892,2,7,249594,2,0
25688,3,1,494811,1,0
19814,2,9,284951,2,0
30061,2,5,180788,2,0
12642,2,2,88860,1,1
10591,1,7,465378,1,0
9857,3,5,437536,1,0
24411,1,9,168549,2,1
21271,1,6,63339,1,0
27795,3,7,161955,2,0
26857,1,4,188132,2,1
28215,3,3,90538,1,1
8885,2,6,71483,1,0
26442,2,10,324242,2,0
18922,2,1,280158,2,1
17522,3,7,481943,1,1
26320,3,10,98967,2,1
9175,1,1,423583,2,0
30327,1,7,60991,2,0
19480,3,9,498931,2,1
12698,1,7,356881,1,0
29074,1,6,483818,2,0
8665,3,3,422629,2,1
27153,1,3,67160,2,0
26134,3,5,139325,2,1
33985,3,8,136415,1,1
15525,2,8,75186,2,0
15153,2,8,157801,2,1
18926,3,9,381723,2,0
33655,2,4,238553,1,0
23152,1,9,495464,2,0
28413,2,4,423735,2,0
15637,1,7,302218,1,1
28909,1,9,403014,2,0
27200,2,9,267876,1,1
18581,1,4,306957,1,1
31753,3,2,477375,1,1
24952,3,7,485890,2,0
23676,1,3,475684,2,1
17949,2,4,453827,2,0
18420,3,4,335103,1,0
26653,1,5,63118,2,1
23699,3,4,116572,2,1
17605,3,8,188076,1,0
24356,3,8,256312,1,0
16672,2,5,157617,2,1
22291,1,6,260294,1,0
31138,3,1,456970,2,0
34567,3,5,387867,1,0
26241,2,2,122501,1,0
30867,2,5,334711,2,0
10129,3,3,305030,1,1
9899,3,4,260429,2,0
18835,2,4,287568,2,1
22340,3,1,354111,2,1
25964,2,1,80133,2,1
34045,2,2,445946,2,1
27931,3,2,267222,2,1
16271,2,10,89976,2,1
31551,1,2,105955,2,1
27296,2,5,339301,2,0
22376,3,8,125149,2,1
22912,1,6,437080,2,1
16167,1,8,208449,2,1
14342,3,2,406468,2,1
19094,1,8,106607,2,1
17887,1,2,418778,2,1
24187,2,2,253911,2,0
31341,2,4,177129,2,0
27816,3,6,312871,1,0
28401,1,8,348522,2,1
14664,2,8,243188,2,1
30234,3,5,358544,2,1
32535,2,2,56816,1,0
30788,2,5,269021,2,1
29977,3,10,179947,1,1
34508,3,4,398817,2,0
17778,1,10,238588,1,0
30404,3,2,117892,1,1
11206,2,7,305311,1,0
27655,1,7,133068,1,0
8812,3,7,116244,2,0
16337,3,8,227927,1,0
22562,2,5,462791,2,1
14613,3,1,61001,1,0
13362,3,6,484062,1,1
11263,1,9,222173,2,0
25054,3,5,422894,1,1
22323,1,9,147416,2,1
11474,3,5,340918,1,0
25556,3,2,475205,1,1
18506,2,6,350996,2,0
13907,3,1,169782,2,1
9777,3,8,395942,1,1
17574,3,7,395751,2,0
16462,1,6,69761,1,0
29509,1,7,221996,2,0
28378,1,2,114346,1,0
8339,1,7,375141,2,1
32089,2,8,322614,2,1
8849,2,4,122228,2,1
9263,2,7,74180,1,1
15830,3,10,299303,1,1
29056,1,8,308593,1,0
12344,2,8,309792,1,0
15713,1,6,317599,1,1
25955,1,2,77051,2,1
23235,3,9,81413,1,0
11102,3,2,90235,2,0
19456,2,6,282653,2,1
9149,1,2,114943,1,0
30913,2,3,85370,2,0
33345,1,9,289380,2,1
17679,2,5,117156,1,1
10979,1,5,276895,2,0
28109,2,5,178755,2,1
26579,3,10,489369,2,1
33063,3,2,167333,2,0
10544,2,10,448754,2,0
17006,3,5,106775,2,1
15773,3,1,123211,1,1
34909,3,5,144569,2,1
25693,3,10,411444,1,0
27227,3,10,289143,2,0
16878,1,7,191933,1,0
20552,2,4,310198,1,1
13706,2,5,485305,1,0
31411,1,10,317509,2,0
24031,3,3,495978,2,0
28939,1,9,420606,1,0
16410,1,7,366191,2,0
9519,2,3,316598,2,0
22766,2,5,196647,2,0
16249,3,3,100840,2,0
22950,1,1,463933,1,1
24192,3,2,481796,2,1
15062,3,5,337459,2,1
13817,1,1,87010,1,0
30891,3,5,251404,2,1
29269,1,2,318083,1,1
30426,2,1,285551,2,1
34492,3,9,291889,2,0
20215,2,1,359360,2,1
12527,1,2,60440,2,0
34270,1,2,269961,2,1
20059,3,7,270420,1,0
8558,3,2,64972,2,1
33735,3,8,426664,2,1
8665,3,9,185231,2,1
20873,2,1,52049,2,0
26340,2,8,173438,1,0
20610,3,6,195175,1,1
25060,1,8,142857,1,1
11708,1,3,447872,1,1
33320,2,7,387006,2,1
18225,2,6,85578,2,0
26040,1,10,111438,1,1
21052,1,4,89390,1,0
28123,1,1,375962,2,1
9146,1,1,72641,1,0
12162,2,5,464733,2,1
14181,3,2,186215,2,0
32836,1,1,335975,2,0
17986,3,8,465354,1,0
19579,3,3,182201,1,1
28112,2,10,311267,1,1
19746,1,4,88979,1,1
12010,2,4,363586,2,1
13706,3,8,298148,2,0
31348,1,9,367056,2,0
15125,3,3,419920,2,0
15281,3,6,289886,1,0
31333,2,7,210815,2,1
12678,1,8,431940,1,1
29905,3,2,228618,2,1
9184,2,2,430563,1,1
27784,1,4,430456,2,1
33352,1,7,482712,1,1
21009,1,6,403875,1,0
17849,2,8,72637,1,0
32255,3,6,467983,1,0
23135,3,6,363775,1,0
12159,3,1,51241,1,0
9453,2,7,483294,1,0
21456,1,4,345959,2,0
9078,3,6,296872,1,1
33441,2,3,124864,1,1
12155,2,4,206212,1,0
29419,1,6,63861,1,0
12439,3,2,373760,2,0
32965,1,4,489299,1,0
19230,2,6,257601,2,1
15114,3,10,197402,1,1
30740,1,5,468364,1,0
16959,1,7,63659,2,0
14526,1,8,168338,2,1
12971,1,8,445219,1,1
23523,2,4,177540,2,0
9229,2,5,152891,1,0
12275,3,6,105447,2,1
11291,1,9,381142,1,0
18449,2,2,53330,1,0
19038,2,8,312376,1,1
13826,3,1,166065,2,0
12129,1,3,80933,1,1
28755,1,2,125510,2,1
32535,2,4,90285,2,0
23423,3,6,86718,1,1
14243,3,4,242871,2,1
20184,3,3,466750,2,1
21682,3,7,198020,2,0
29235,2,6,494349,1,0
28028,3,7,327688,2,1
16672,2,3,225168,1,0
16285,3,4,114479,2,0
17110,2,3,376689,1,0
10317,1,3,260598,2,1
15096,2,1,352341,1,0
28654,2,8,165033,1,1
31607,3,10,58827,1,1
13718,2,9,125424,1,1
31187,2,5,167687,2,0
9398,1,9,145877,1,0
12214,2,4,156909,2,0
16249,3,2,184729,1,0
9133,1,4,267819,2,1
22307,1,4,98787,1,0
28346,1,4,345256,1,0
22559,2,1,163779,1,0
26180,2,10,325587,1,0
30056,2,2,424566,1,0
14497,2,8,386372,2,1
28912,3,9,180027,2,0
8719,1,4,142019,1,0
34220,3,3,351302,2,1
33163,3,4,223670,2,0
11059,1,7,451983,1,1
32906,2,2,344174,1,1
28129,1,10,260134,1,0
12367,3,10,182346,2,1
12143,3,8,104007,1,0
34443,3,5,432731,1,0
10539,2,9,132378,1,1
20879,2,6,279043,2,1
12525,3,9,287140,1,1
21416,2,5,453787,2,1
10821,3,3,196195,2,1
26499,2,4,234018,2,1
22431,3,1,163357,2,0
27778,2,7,281214,1,0
18640,2,7,174903,2,1
16040,1,9,434407,2,0
34332,3,3,346625,1,1
25240,3,8,235543,1,0
25756,3,8,340176,2,1
22814,1,10,376898,1,1
31392,3,6,347772,1,0
24733,3,4,377178,2,0
28976,1,2,81276,2,1
34067,3,9,240003,1,1
27482,2,9,416990,1,0
21290,1,5,235478,2,1
19760,3,8,123035,1,0
20143,3,2,453060,1,0
18529,1,5,412271,1,1
33243,2,1,170801,2,1
26797,3,7,154537,2,0
22979,3,9,141694,2,0
10104,3,2,379172,1,0
13771,2,5,474779,1,0
31588,3,10,440474,1,0
13922,3,9,256296,2,0
29946,3,7,476806,2,0
18796,2,7,85882,1,1
30562,2,6,304861,2,1
33956,1,7,493080,1,1
33807,3,9,316510,2,0
23307,1,3,326556,2,0
32880,3,9,463636,1,1
12523,2,5,442326,1,0
14755,2,3,144267,1,1
11893,1,4,170617,1,0
13882,3,4,256623,1,0
28918,2,2,112647,1,1
30441,2,10,138772,1,0
18607,2,10,152585,1,0
10638,2,8,457199,2,0
32690,1,4,224368,1,0
19555,3,1,61097,1,0
18918,2,7,99549,2,1
28596,3,9,180150,1,1
28189,1,10,93811,2,1
24921,1,9,370335,1,0
15717,2,2,289781,1,1
34039,3,8,428131,1,0
31856,1,6,490927,1,0
21086,1,10,175199,2,1
8254,3,1,149442,2,1
30219,1,8,98626,2,0
34939,1,6,76849,1,0
15074,1,1,368823,2,0
15846,3,5,342943,1,1
30158,2,5,234807,2,0
8825,3,8,399211,1,0
33169,1,9,162264,1,1
10481,2,10,435515,2,1
28808,1,3,119970,2,1
15601,2,3,469578,1,0
30957,2,2,409942,1,1
22642,1,7,70630,1,0
16215,2,1,389043,1,0
13693,1,6,72407,1,1
20604,3,1,468505,1,1
29658,3,1,472338,1,0
20127,2,1,418958,1,1
23388,2,3,154919,1,1
28860,2,7,454795,1,0
30046,2,6,333953,1,1
19184,2,7,462604,2,1
33292,2,4,153805,2,1
26907,1,2,427004,1,0
20835,2,3,252681,2,0
18608,3,1,59487,2,0
21482,1,8,186953,2,1
20587,3,2,410620,1,1
21453,1,10,458555,1,1
22314,3,1,82873,2,1
8570,2,7,69245,1,1
32148,3,2,341989,1,1
33038,3,1,449005,1,0
17798,3,10,465043,1,0
23542,2,8,479047,1,1
25406,2,6,475840,2,1
11110,2,9,145439,2,1
22972,3,9,81759,1,1
19300,2,8,320559,2,0
14126,1,7,324134,1,1
18666,2,2,50590,1,0
20021,2,5,248551,2,0
30963,1,9,273118,2,0
33088,2,10,107453,1,0
15393,2,7,107229,1,0
8823,2,8,144400,1,0
28433,1,5,355205,2,1
20380,3,3,451728,2,1
32874,3,3,241437,2,0
10044,3,4,249257,1,1
32767,3,4,213270,1,0
8060,1,8,356395,1,0
28552,1,2,437452,2,1
34362,2,4,253509,1,0
17930,1,5,457320,1,1
18083,3,4,432558,1,0
11569,3,5,107626,1,0
33873,1,5,188080,1,0
8989,2,8,358246,1,1
27490,3,5,152609,1,1
10637,2,8,51059,1,0
23788,2,6,486487,1,1
25915,2,7,417576,2,1
16090,3,7,134016,1,0
33208,2,4,494765,1,0
17899,2,2,489965,2,0
23223,1,2,233413,1,0
25260,1,8,295573,2,1
14099,3,7,172691,1,0
25643,2,3,369360,2,0
31018,3,7,273933,2,0
11697,2,10,466718,1,1
10841,3,9,54354,2,0
14642,3,3,304938,1,0
23053,3,6,402378,2,0
20237,1,6,483880,1,0
11878,2,10,387197,1,1
34687,3,8,329784,2,1
32276,3,8,236529,1,1
33901,2,8,117218,2,0
10038,1,2,124726,2,0
31266,1,1,348344,2,1
20580,2,2,108523,2,0
32255,2,2,235362,1,0
14315,1,6,128314,2,1
27794,3,9,347794,1,1
8449,3,9,310190,1,1
10289,1,1,398143,1,0
28420,2,10,468872,2,1
28155,1,5,111657,1,0
18574,1,10,124402,2,1
16530,2,8,92065,2,0
12122,3,8,222570,1,1
20084,1,6,484415,1,1
18070,1,2,321802,2,0
34731,3,7,463432,2,0
31794,3,9,401560,1,0
22979,1,2,468141,2,0
22459,3,7,214506,1,0
15913,1,8,467463,2,1
34235,1,2,452012,2,0
9787,2,6,315462,2,0
11696,3,7,194300,2,0
32918,2,2,222131,2,0
33260,2,7,99110,2,1
19225,1,1,286690,1,1
25851,2,7,242078,1,1
26297,2,9,288773,2,0
23460,3,4,415717,2,1
27239,3,2,189460,2,1
31660,3,8,194812,2,0
32861,3,7,292500,2,1
22868,1,10,255485,2,0
15684,1,3,477676,1,1
27270,1,8,308936,2,0
30068,1,5,454771,2,1
16038,1,4,455357,1,1
21682,2,1,424733,2,1
23754,1,1,384484,1,1
15167,1,4,365328,2,0
8948,1,4,63985,2,0
32280,1,10,240496,1,1
11431,2,1,118285,2,0
26506,2,10,483928,1,0
18602,3,10,362005,1,0
12358,2,8,209140,2,0
22759,2,5,287826,2,0
17229,1,10,208636,2,1
9538,2,3,244416,2,0
27919,1,5,62113,2,0
24637,2,9,185041,2,1
27795,2,2,383170,1,1
20690,2,8,318711,1,0
32774,2,7,445185,2,0
27392,1,7,221239,2,0
8026,1,1,218071,2,1
33999,1,7,212714,1,1
8868,3,6,499474,2,1
16469,3,6,422854,1,0
9867,3,8,386200,1,1
15575,1,5,157769,2,1
18576,2,9,455739,2,0
15696,2,2,415101,1,0
27814,1,8,292868,1,0
28302,3,1,129461,1,0
20459,1,10,218283,2,0
17622,1,1,396310,2,1
10672,3,4,209107,2,1
25821,1,4,456373,2,1
15483,2,2,441399,1,0
32596,3,4,410192,1,0
22910,2,6,351420,2,0
18800,3,6,177753,1,1
26420,3,2,277166,2,1
23893,2,5,102637,2,0
8050,1,6,381512,2,1
14981,1,1,96059,1,0
21606,2,7,445581,2,0
9457,3,4,271467,2,0
32226,3,1,160638,1,1
12372,2,10,58837,1,1
23121,1,7,401704,1,0
19753,2,1,352832,2,1
23812,3,10,370815,2,0
27240,3,7,93893,1,1
18996,3,4,271327,1,0
19400,3,4,319215,1,0
31737,1,4,349211,2,0
31108,3,8,482732,1,0
29884,1,7,235882,2,1
29146,2,1,237624,2,1
33515,1,6,204644,2,1
18553,1,6,63720,2,0
9930,2,9,243972,2,1
18791,1,5,276604,2,1
22426,1,10,187142,1,0
10555,1,7,361054,2,0
31989,2,8,166841,1,1
21312,2,4,142032,2,1
14843,1,10,193529,2,0
19620,1,5,56092,2,1
10976,1,1,170714,2,0
18239,1,10,124832,1,1
22679,3,7,173881,2,1
30864,3,4,108120,1,1
22660,3,2,487985,1,0
20916,3,9,372374,1,0
11867,1,10,55800,1,1
19146,1,3,358946,2,1
26754,3,2,134372,1,1
30319,3,7,247496,1,1
30129,2,6,287154,1,1
17274,3,2,337724,1,0
26381,1,7,358529,2,0
12590,3,9,206786,1,0
18543,2,2,497327,1,1
26175,2,7,213845,2,0
32319,3,9,167185,1,1
23838,1,3,156547,2,1
19720,3,9,136155,1,1
25622,2,10,210115,2,1
22036,1,1,231407,1,0
34851,3,10,133302,1,0
32194,3,7,170736,2,1
12958,2,10,287996,1,1
30414,3,10,279562,1,0
15774,2,2,174415,2,1
27388,2,4,342738,2,1
22277,3,6,235251,2,0
24294,2,4,449172,2,1
31176,1,2,146536,1,0
8310,3,10,426031,1,0
15918,2,7,466139,1,1
34631,3,10,453880,1,1
29826,1,4,132666,1,1
33653,3,3,441607,2,0
31373,3,2,156287,2,1
11449,1,8,356088,2,1
20332,3,4,373845,2,1
18145,1,5,414396,1,1
16835,2,6,370673,1,0
28893,1,5,271820,2,1
8596,2,2,284237,1,1
17636,2,9,73811,1,0
22403,3,5,213083,2,0
31810,2,3,406857,1,1
17293,2,2,106474,1,0
28832,3,6,222342,2,1
8063,1,9,122738,1,1
30393,2,8,256861,1,1
12779,2,9,352829,1,1
25424,1,1,197438,1,0
28016,1,2,111771,1,1
21016,2,6,115351,2,1
14782,3,10,279186,1,0
27764,1,8,335565,2,1
11492,2,6,434429,1,0